﻿country_name_short;country_name;election_type;election_date;vote_share;seats;seats_total;party_name_short;party_name;party_name_english;left_right;country_id;election_id;previous_parliament_election_id;previous_cabinet_id;party_id
AUT;Austria;parliament;2019-09-29;37,5;71;183;OVP;Österreichische Volkspartei;Austrian People's Party;6,4733;59;1080;1019;1600;1013
AUT;Austria;parliament;2019-09-29;21,2;40;183;SPO;Sozialdemokratische Partei Österreichs;Social Democratic Party of Austria;3,7293;59;1080;1019;1600;973
AUT;Austria;parliament;2019-09-29;16,2;31;183;FPO;Freiheitliche Partei Österreichs;Freedom Party of Austria;8,3494;59;1080;1019;1600;50
AUT;Austria;parliament;2019-09-29;13,9;26;183;Gruene;Die Grünen – Die Grüne Alternative;The Greens -- The Green Alternative;2,4604;59;1080;1019;1600;1429
AUT;Austria;parliament;2019-09-29;8,1;15;183;NEOS;NEOS – Das Neue Österreich;NEOS -- The New Austria;6;59;1080;1019;1600;2255
AUT;Austria;parliament;2019-09-29;1,9;0;183;PILZ;JETZT – Liste Pilz;JETZT -- Pilz List;2,5;59;1080;1019;1600;2651
BEL;Belgium;parliament;2019-05-26;16,03;25;150;N-VA;Nieuw-Vlaamse Alliantie;New Flemish Alliance;6,5321;64;1048;816;1586;501
BEL;Belgium;parliament;2019-05-26;9,46;20;150;PS;Parti Socialiste;Socialist Party [Francophone];2,9307;64;1048;816;1586;1378
BEL;Belgium;parliament;2019-05-26;11,95;18;150;VB;Vlaams Blok;Flemish Block;9,6622;64;1048;816;1586;993
BEL;Belgium;parliament;2019-05-26;7,56;14;150;MR;Mouvement Réformateur;Reformist Movement;6,6889;64;1048;816;1586;915
BEL;Belgium;parliament;2019-05-26;6,14;13;150;Ecolo;Écologistes Confédérés pour l'organisation de luttes originales;Confederated ecologists for the organisation of original struggles;2,641;64;1048;816;1586;161
BEL;Belgium;parliament;2019-05-26;8,54;12;150;PVV|VLD;Partij voor Vrijheid en Vooruitgang | Vlaamse Liberalen en Democraten;Party of Liberty and Progress | Flemish Liberals and Democrats;7,0053;64;1048;816;1586;1110
BEL;Belgium;parliament;2019-05-26;8,89;12;150;CVP|CD&V;Christelijke Volkspartij | Christen-Democratisch en Vlaams;Flemish Christian Peoples Party | Christian Democrats & Flemish;5,7667;64;1048;816;1586;723
BEL;Belgium;parliament;2019-05-26;8,62;12;150;PA-PTB;Partij van de Arbeid – Parti du Travail de Belgique;Workers' Party of Belgium;1,3;64;1048;816;1586;256
BEL;Belgium;parliament;2019-05-26;6,71;9;150;SP;Socialistische Partij;Socialist Party;3,2459;64;1048;816;1586;1029
BEL;Belgium;parliament;2019-05-26;6,1;8;150;AGL-Gr;Agalev – Groen;Agalev -- Green;2,5762;64;1048;816;1586;1594
BEL;Belgium;parliament;2019-05-26;3,7;5;150;PSC-CDH;Parti Social Chrétien – Centre Democrate Humaniste;Francophone Christian Social Party -- Humanist Democratic Centre;5,4974;64;1048;816;1586;1192
BEL;Belgium;parliament;2019-05-26;2,22;2;150;FDF;Front Démocratique des Francophones | DéFI;Francophone Democratic Front;6,1259;64;1048;816;1586;969
BEL;Belgium;parliament;2019-05-26;1,11;0;150;Pp;Parti populaire;People's Party;7,4;64;1048;816;1586;438
BGR;Bulgaria;parliament;2017-03-26;33,54;95;240;GERB;Grazhdani za Evropeysko Razvitie na Balgariya;Citizens for European Development of Bulgaria;7,4;10;1011;840;1503;1541
BGR;Bulgaria;parliament;2017-03-26;27,93;80;240;KzB|DL;Koalitsiya za Balgariya | Demokratichna Levitsa;Coalition for Bulgaria | Democratic Left;2,8982;10;1011;840;1503;1160
BGR;Bulgaria;parliament;2017-03-26;9,31;27;240;NFSB;Natsionalen Front za Spasenie na Balgariya;National Front for the Salvation of Bulgaria;8,8;10;1011;840;1503;2211
BGR;Bulgaria;parliament;2017-03-26;9,24;26;240;DPS;Dvizhenie za Prava i Svobodi;Movement for Rights and Freedoms;4,5828;10;1011;840;1503;1286
BGR;Bulgaria;parliament;2017-03-26;4,26;12;240;Volya;Volya;Will;6;10;1011;840;1503;2637
BGR;Bulgaria;parliament;2017-03-26;3,14;0;240;RB;Reformatorski Blok;Reformist Bloc;7,4;10;1011;840;1503;2363
BGR;Bulgaria;parliament;2017-03-26;2,54;0;240;DSB;Demokrati za Silna Balgariya;Democrats for a Strong Bulgaria;7,85;10;1011;840;1503;57
BGR;Bulgaria;parliament;2017-03-26;2,96;0;240;DB;Da Bulgaria;Yes, Bulgaria!;6;10;1011;840;1503;2638
BGR;Bulgaria;parliament;2017-03-26;2,94;0;240;DOST;Demokrati za Otgovornost, Svoboda i Tolerantnost;Democrats for Responsibility, Solidarity and Tolerance;6;10;1011;840;1503;2639
BGR;Bulgaria;parliament;2017-03-26;1,59;0;240;ABV;Alternativa za balgarsko vazrazhdane;Alternative for Bulgarian Revival;3,3;10;1011;840;1503;2364
BGR;Bulgaria;parliament;2017-03-26;1,11;0;240;R;Vazrazhdane;Revival;8,8;10;1011;840;1503;2640
CYP;Cyprus;parliament;2016-05-22;30,69;18;56;DISY;Dimokratikós Sinayermós;Democratic Rally;8,6842;51;1004;701;1086;1575
CYP;Cyprus;parliament;2016-05-22;25,67;16;56;AKEL;Anorthotikó Kómma Ergazómenou Laoú;Progressive Party of Working People;1,0526;51;1004;701;1086;572
CYP;Cyprus;parliament;2016-05-22;14,49;9;56;DIKO;Dimokratikó Kómma;Democratic Party;5,1316;51;1004;701;1086;851
CYP;Cyprus;parliament;2016-05-22;6,18;3;56;EDEK;Kinima Sosialdimokraton EDEK;Movement for Social Democracy EDEK;3,2895;51;1004;701;1086;945
CYP;Cyprus;parliament;2016-05-22;6,01;3;56;SYM;Symmaxia;Citizen's Alliance;3,3;51;1004;701;1086;2341
CYP;Cyprus;parliament;2016-05-22;5,24;3;56;KINHMA;Kinima Allileggiis;Solidarity Movement;8,8;51;1004;701;1086;2626
CYP;Cyprus;parliament;2016-05-22;4,81;2;56;KOP;Kinima Oikologoi Perivallontistoi;Ecological and Environmental Movement;5,7895;51;1004;701;1086;1621
CYP;Cyprus;parliament;2016-05-22;3,71;2;56;ELAM;Ethniko Laiko Metopo;National Popular Front;8,8;51;1004;701;1086;1768
CYP;Cyprus;parliament;2016-05-22;1,16;0;56;KGTZTK;Kinima gia ta zoa tis Kiprou;Animal Party Cyprus;;51;1004;701;1086;2627
CZE;Czech Republic;parliament;2017-10-21;29,64;78;200;ANO;Akce nespokojených občanů;Action of Dissatisfied Citizens;6;68;1020;805;1072;2263
CZE;Czech Republic;parliament;2017-10-21;11,32;25;200;ODS;Občanská demokratická strana;Civic Democratic Party;7,3637;68;1020;805;1072;829
CZE;Czech Republic;parliament;2017-10-21;10,79;22;200;Pi;Ceska piratska strana;Czech Pirate Party;;68;1020;805;1072;2261
CZE;Czech Republic;parliament;2017-10-21;10,64;22;200;SPD;Svoboda a přímá demokracie Tomio Okamura;Freedom and Direct Democracy Tomio Okamura;8,8;68;1020;805;1072;2654
CZE;Czech Republic;parliament;2017-10-21;7,27;15;200;CSSD;Česká strana sociálně demokratická;Czech Social Democratic Party;3,0463;68;1020;805;1072;789
CZE;Czech Republic;parliament;2017-10-21;7,76;15;200;KSCM;Komunistická strana Cech a Moravy;Communist Party of Bohemia and Moravia;0,7498;68;1020;805;1072;1173
CZE;Czech Republic;parliament;2017-10-21;5,8;10;200;KDU-CSL;Křesťanská a demokratická unie – Československá strana lidová;Christian Democratic Union -- People's Party;5,8099;68;1020;805;1072;1245
CZE;Czech Republic;parliament;2017-10-21;5,31;7;200;TOP09;Tradice Odpovědnost Prosperita 09;Tradition Responsibility Prosperity 09;7,4;68;1020;805;1072;2
CZE;Czech Republic;parliament;2017-10-21;5,18;6;200;STAN;Starostové a nezávislí;Mayors and Independents;;68;1020;805;1072;2024
CZE;Czech Republic;parliament;2017-10-21;1,46;0;200;SZ;Strana zelených;Green Party;4,123;68;1020;805;1072;196
CZE;Czech Republic;parliament;2017-10-21;1,56;0;200;SSO;Strana svobodných občanů;Party of Free Citizens;8,8;68;1020;805;1072;363
DEU;Germany;parliament;2017-09-24;26,8;200;709;CDU;Christlich Demokratische Union;Christian Democratic Union;6,2503;54;1016;800;1071;808
DEU;Germany;parliament;2017-09-24;20,5;153;709;SPD;Sozialdemokratische Partei Deutschlands;Social Democratic Party of Germany;3,6451;54;1016;800;1071;558
DEU;Germany;parliament;2017-09-24;12,6;94;709;AfD;Alternative für Deutschland;Alternative for Germany;8,8;54;1016;800;1071;2253
DEU;Germany;parliament;2017-09-24;10,7;80;709;FDP;Freie Demokratische Partei;Free Democratic Party;5,9233;54;1016;800;1071;543
DEU;Germany;parliament;2017-09-24;9,2;69;709;PDS|Li;PDS | Die Linke;PDS | The Left;1,2152;54;1016;800;1071;791
DEU;Germany;parliament;2017-09-24;8,9;67;709;B90/Gru;Bündnis 90 / Die Grünen;Alliance 90 / Greens;2,9308;54;1016;800;1071;772
DEU;Germany;parliament;2017-09-24;6,2;46;709;CSU;Christlich Soziale Union;Christian Social Union;7,2871;54;1016;800;1071;1180
DEU;Germany;parliament;2017-09-24;1;0;709;FW;Freie Wähler;Free Voters;7,4;54;1016;800;1071;41
DEU;Germany;parliament;2017-09-24;1;0;709;PARTEI;Die PARTEI;The PARTY;;54;1016;800;1071;2649
DNK;Denmark;parliament;2019-06-05;25,9;48;179;Sd;Socialdemokraterne;Social Democrats;3,8011;21;1077;976;1497;1629
DNK;Denmark;parliament;2019-06-05;23,4;43;179;V;Venstre;Liberal Party;7,292;21;1077;976;1497;1605
DNK;Denmark;parliament;2019-06-05;8,6;16;179;RV;Det Radikale Venstre;Danish Social Liberal Party;4,8736;21;1077;976;1497;211
DNK;Denmark;parliament;2019-06-05;8,7;16;179;DF;Dansk Folkeparti;Danish Peoples Party;8,2269;21;1077;976;1497;1418
DNK;Denmark;parliament;2019-06-05;7,7;14;179;SF;Socialistisk Folkeparti;Socialist Peoples Party;2,1347;21;1077;976;1497;1644
DNK;Denmark;parliament;2019-06-05;6,9;13;179;En-O;Enhedslisten – De Rød-Grønne;Red-Green Alliance;0,8912;21;1077;976;1497;306
DNK;Denmark;parliament;2019-06-05;6,6;12;179;KF;Konservative;Conservatives;7,2186;21;1077;976;1497;590
DNK;Denmark;parliament;2019-06-05;3;5;179;A;Alternativet;The Alternative;2,5;21;1077;976;1497;2567
DNK;Denmark;parliament;2019-06-05;2,4;4;179;NB;Nye Borgerlige;The New Right;8,8;21;1077;976;1497;2781
DNK;Denmark;parliament;2019-06-05;2,3;4;179;NLA;Ny-Liberal Alliance;New-Liberal Alliance;6;21;1077;976;1497;376
DNK;Denmark;parliament;2019-06-05;;1;179;Sbf;Sambandsflokkurin;Union Party (Faroe Islands);7,4;21;1077;976;1497;1892
DNK;Denmark;parliament;2019-06-05;;1;179;Jf;Javnaðarflokkurin;Social Democratic Party (Faroe Islands);3,3;21;1077;976;1497;1894
DNK;Denmark;parliament;2019-06-05;;1;179;IA;Inuit Ataqatigiit;Community of the People;1,3;21;1077;976;1497;1891
DNK;Denmark;parliament;2019-06-05;;1;179;Si;Siumut;Forward (Greenland);3,3;21;1077;976;1497;74
DNK;Denmark;parliament;2019-06-05;1,7;0;179;KrF;Kristeligt Folkeparti;Christian People's Party;5,6982;21;1077;976;1497;1331
DNK;Denmark;parliament;2019-06-05;1,8;0;179;SK;Stram Kurs;Hard Line;8,8;21;1077;976;1497;2782
ESP;Spain;parliament;2019-11-10;28;120;350;PSOE;Partido Socialista Obrero Español;Spanish Socialist Workers Party;3,7377;27;1085;1046;1601;902
ESP;Spain;parliament;2019-11-10;20,81;89;350;AP-P;Alianza-Partido Popular;People's Alliance-Party;7,5969;27;1085;1046;1601;645
ESP;Spain;parliament;2019-11-10;15,08;52;350;Vox;Vox;Voice;8,8;27;1085;1046;1601;2380
ESP;Spain;parliament;2019-11-10;9,82;26;350;P;Podemos;We Can;1,3;27;1085;1046;1601;2376
ESP;Spain;parliament;2019-11-10;3,61;13;350;ERC;Esquerra Republicana de Catalunya;Republican Left of Catalonia;3,1072;27;1085;1046;1601;757
ESP;Spain;parliament;2019-11-10;6,8;10;350;Cs;Ciudadanos – Partido de la Ciudadanía;Citizens -- Party of the Citizenry;6;27;1085;1046;1601;2375
ESP;Spain;parliament;2019-11-10;2,19;8;350;CDC|JxCat;Convergència Democràtica | Junts per Catalunya;Democratic Convergence | Together for Catalonia;7,4;27;1085;1046;1601;2605
ESP;Spain;parliament;2019-11-10;2,26;7;350;ECP;En Comú Podem;In Common We Can;1,3;27;1085;1046;1601;2606
ESP;Spain;parliament;2019-11-10;1,56;6;350;PNV;Partido Nacionalista Vasco – Euzko Alderdi Jeltzalea;Basque Nationalist Party;6,2144;27;1085;1046;1601;1361
ESP;Spain;parliament;2019-11-10;1,14;5;350;EHB;Euskal Herria Bildu;Basque Country Unite;;27;1085;1046;1601;2603
ESP;Spain;parliament;2019-11-10;0,41;2;350;NA+;Navarra Suma;Sum Navarre;7,4;27;1085;1046;1601;2723
ESP;Spain;parliament;2019-11-10;0,51;2;350;CC;Coalición Canaria;Canary Coalition;5,9789;27;1085;1046;1601;234
ESP;Spain;parliament;2019-11-10;0,78;2;350;EM|GCE;En Marea | Grupo Común da Esquerda;En Masse | Common Group of the Left;1,3;27;1085;1046;1601;2604
ESP;Spain;parliament;2019-11-10;1,02;2;350;CUP;Candidatura d'Unitat Popular;Popular Unity Candidacy;1,3;27;1085;1046;1601;2792
ESP;Spain;parliament;2019-11-10;1,46;2;350;Equo;Equo;Equo;2,5;27;1085;1046;1601;2804
ESP;Spain;parliament;2019-11-10;0,37;2;350;one-seat;one seat;one seat;;27;1085;1046;1601;2294
ESP;Spain;parliament;2019-11-10;0,5;1;350;BNG;Bloque Nacionalista Galego;Galician Nationalist Bloc;2,9117;27;1085;1046;1601;520
ESP;Spain;parliament;2019-11-10;0,73;1;350;C|AV;Compromís | A la valenciana;Compromise | A la valenciana;1,3;27;1085;1046;1601;2607
ESP;Spain;parliament;2019-11-10;0,94;0;350;PACMA;Partido Animalista Contra el Maltrato Animal;Animalist Party Against Mistreatment to Animals;;27;1085;1046;1601;2381
EST;Estonia;parliament;2019-03-03;28,9;34;101;ERe;Eesti Reformierakond;Estonian Reform Party;7,8969;75;1044;853;1495;113
EST;Estonia;parliament;2019-03-03;23,1;26;101;EK;Eesti Keskerakond;Estonian Centre Party;3,9562;75;1044;853;1495;1137
EST;Estonia;parliament;2019-03-03;17,8;19;101;ERa/EKR;Eestimaa Rahvalliit / Eesti Konservatiivne Rahvaerakond;People's Union of Estonia / Conservative People's Party;4,5812;75;1044;853;1495;417
EST;Estonia;parliament;2019-03-03;11,4;12;101;IRL;Erakond Isamaa ja Res Publica Liit;Union of Pro Patria and Res Publica;8,4962;75;1044;853;1495;1597
EST;Estonia;parliament;2019-03-03;9,8;10;101;SDE|M;Sotsiaaldemokraatlik Erakond | Mõõdukad;Social Democratic Party | Moderates;4,1915;75;1044;853;1495;1448
EST;Estonia;parliament;2019-03-03;4,4;0;101;E200;Erakond Eesti 200;Estonia 200;6;75;1044;853;1495;2720
EST;Estonia;parliament;2019-03-03;1,8;0;101;EER;Erakond Eestimaa Rohelised;Estonian Greens;2,5;75;1044;853;1495;219
EST;Estonia;parliament;2019-03-03;1,2;0;101;ELE;Elurikkuse Erakond;Richness of Life;2,5;75;1044;853;1495;2721
EST;Estonia;parliament;2019-03-03;1,2;0;101;EV;Eesti Vabaerakond;Free Party;7,4;75;1044;853;1495;2409
FIN;Finland;parliament;2019-04-14;17,7;40;200;SSDP;Suomen Sosialidemokraattinen Puolue – Finlands Socialdemokratiska Parti;Social Democratic Party of Finland;3,5595;67;1045;855;1510;395
FIN;Finland;parliament;2019-04-14;17,5;39;200;SP|P;Suomen Puolue | Perussuomalaiset;Finnish Party | True Finns;6,6331;67;1045;855;1510;200
FIN;Finland;parliament;2019-04-14;17;38;200;KOK;Kansallinen Kokoomus – Samlingspartiet;National Coalition Party;7,2451;67;1045;855;1510;1118
FIN;Finland;parliament;2019-04-14;13,8;31;200;KESK;Keskusta;Centre Party;5,8027;67;1045;855;1510;94
FIN;Finland;parliament;2019-04-14;11,5;20;200;VIHR;Vihreä Liitto – Gröna Förbundet;Green League;3,6465;67;1045;855;1510;1062
FIN;Finland;parliament;2019-04-14;8,2;16;200;DL|VAS;Demokraattinen Liitto – Demokratiska Förbundet | Vasemmistoliitto – Vänsterförbundet ;Democratic Union | Left Alliance;2,1843;67;1045;855;1510;1292
FIN;Finland;parliament;2019-04-14;4,5;9;200;RKP-SFP;Ruotsalainen Kansanpuolue – Svenska Folkepartiet i Finland;Swedish People's Party;6,3906;67;1045;855;1510;585
FIN;Finland;parliament;2019-04-14;3,9;5;200;KD;Kristillisdemokraatit – Kristdemokraterna;Christian Democrats;7,1884;67;1045;855;1510;1463
FIN;Finland;parliament;2019-04-14;0,38;1;200;AS;Åländsk Samlingin ääntä – Åländsk Samling;Aland Coalition;;67;1045;855;1510;66
FIN;Finland;parliament;2019-04-14;2,25;1;200;LN;Liike Nyt;Movement Now;6;67;1045;855;1510;2801
FIN;Finland;parliament;2019-04-14;0,97;0;200;UV|SIN;Uusi vaihtoehto | Sininen tulevaisuus;New Alternative | Blue Reform;8,8;67;1045;855;1510;2645
FRA;France;parliament;2017-06-18;28,21;308;577;REM;La République En Marche!;The Republic Onwards!;6;43;1014;782;1508;2643
FRA;France;parliament;2017-06-18;15,77;112;577;UMP|LR;Union pour un mouvement populaire | Les Républicains;Union for a Popular Movement | The Republicans;7,4997;43;1014;782;1508;658
FRA;France;parliament;2017-06-18;4,12;42;577;UDF|MD;Union pour la démocratie française | Mouvement démocrate;Union for French Democracy | Democratic Movement;6,1017;43;1014;782;1508;509
FRA;France;parliament;2017-06-18;7,44;30;577;PS;Parti socialiste;Socialist Party;3,2493;43;1014;782;1508;1539
FRA;France;parliament;2017-06-18;3,03;18;577;UDI;Union des démocrates et indépendants;Union of Democrats and Independents;7,4;43;1014;782;1508;2273
FRA;France;parliament;2017-06-18;11,03;17;577;FI;La France Insoumise;Unbowed France;1,3;43;1014;782;1508;2644
FRA;France;parliament;2017-06-18;1,6;12;577;gauche;divers gauche;other left;3,3;43;1014;782;1508;177
FRA;France;parliament;2017-06-18;2,72;10;577;PCF;Parti communiste française;French Communist Party;1,3741;43;1014;782;1508;686
FRA;France;parliament;2017-06-18;13,2;8;577;FN;Front national;National Front;9,6854;43;1014;782;1508;270
FRA;France;parliament;2017-06-18;2,76;6;577;droite;divers droite;other right;7,6583;43;1014;782;1508;285
FRA;France;parliament;2017-06-18;;5;577;none;sans étiquette;no party affiliation;;43;1014;782;1508;947
FRA;France;parliament;2017-06-18;0,47;3;577;PRG;Parti radical de gauche;Radical Party of the Left;4,0813;43;1014;782;1508;1492
FRA;France;parliament;2017-06-18;;3;577;etc;divers;others;;43;1014;782;1508;1328
FRA;France;parliament;2017-06-18;4,3;1;577;V;Les Verts;Greens;3,155;43;1014;782;1508;873
FRA;France;parliament;2017-06-18;1,17;1;577;DLR|DLF;Debout la république | Debout la France;Republic Arise | France Arise;7,4;43;1014;782;1508;2399
FRA;France;parliament;2017-06-18;0,3;1;577;ex-dro;extrême droite;other far-right;8,8;43;1014;782;1508;2079
FRA;France;parliament;2017-06-18;0,77;0;577;ex-gau;extrême gauche;other far-left;1,3;43;1014;782;1508;2083
GRC;Greece;parliament;2019-07-07;39,85;158;300;ND;Néa Đimokratía;New Democracy;6,7365;41;1078;992;1593;47
GRC;Greece;parliament;2019-07-07;31,53;86;300;SYRIZA;Synaspismós Rizospastikís Aristerás;Coalition of the Radical Left;2,8947;41;1078;992;1593;1592
GRC;Greece;parliament;2019-07-07;8,1;22;300;PASOK;Panellinio Sosialistikó Kínima;Panhellenic Socialist Movement;4,4968;41;1078;992;1593;1338
GRC;Greece;parliament;2019-07-07;5,3;15;300;KKE;Kommounistikó Kómma Elládas;Communist Party of Greece;1,253;41;1078;992;1593;614
GRC;Greece;parliament;2019-07-07;3,7;10;300;EL;Elliniki Lisi;Greek Solution;7,4;41;1078;992;1593;2780
GRC;Greece;parliament;2019-07-07;3,44;9;300;MR25;European Realistic Disobedience Front [MeRa25];European Realistic Disobedience Front [MeRa25];1,3;41;1078;992;1593;2742
GRC;Greece;parliament;2019-07-07;2,93;0;300;LS-CA;Laikos Syndesmos – Chrysi Avg;Peoples Association -- Golden Dawn;8,8;41;1078;992;1593;2092
GRC;Greece;parliament;2019-07-07;1,46;0;300;LE|PE;Laïkí Enótita | Plefsi Eleftherias;Popular Unity | Course of Freedom;1,3;41;1078;992;1593;2596
GRC;Greece;parliament;2019-07-07;1,24;0;300;EK;Enosi Kentroon;Union of Centrists;3,3;41;1078;992;1593;2165
HRV;Croatia;parliament;2016-09-11;35,17;61;151;HDZ;Hrvatska demokratska zajednica;Croatian Democratic Union;7,1053;62;1007;1001;1408;276
HRV;Croatia;parliament;2016-09-11;32,18;39;151;SPH;Socijaldemokratska partija Hrvatske;Social Democratic Party of Croatia;3,2456;62;1007;1001;1408;1493
HRV;Croatia;parliament;2016-09-11;9,43;13;151;Most;Most nezavisnih lista;Bridge of Independent Lists;7,4;62;1007;1001;1408;2615
HRV;Croatia;parliament;2016-09-11;;9;151;HNS;Hrvatska narodna stranka – Liberalni demokrati;Croatian People's Party -- Liberal Democrats;1,8421;62;1007;1001;1408;1384
HRV;Croatia;parliament;2016-09-11;5,92;8;151;ZiZi;Živi zid;Human Shield ;8,8;62;1007;1001;1408;2612
HRV;Croatia;parliament;2016-09-11;;5;151;HSS;Hrvatska seljačka stranka;Croatian Peasant Party;6,2281;62;1007;1001;1408;1465
HRV;Croatia;parliament;2016-09-11;1,92;5;151;ethnic;ethnic;ethnic;;62;1007;1001;1408;2192
HRV;Croatia;parliament;2016-09-11;2,18;3;151;IDS;Istarski demokratski sabor;Istrian Democratic Assembly;3,4211;62;1007;1001;1408;1627
HRV;Croatia;parliament;2016-09-11;;3;151;SDSS;Samostalna demokratska srpska stranka; Independent Democratic Serb Party;3,3;62;1007;1001;1408;2133
HRV;Croatia;parliament;2016-09-11;3,84;2;151;MB;Milan Bandić 365 – Stranka rada i solidarnosti;Milan Bandic 365 -- The Party of Labour and Solidarity;3,3;62;1007;1001;1408;2628
HRV;Croatia;parliament;2016-09-11;;1;151;HSU;Hrvatska stranka umirovljenika;Croatian Party of Pensioners;;62;1007;1001;1408;2134
HRV;Croatia;parliament;2016-09-11;1,19;1;151;HDSSB;Hrvatski demokratski savez Slavonije i Baranje;Croatian Democratic Alliance of Slavonia and Baranja;8,8;62;1007;1001;1408;2135
HRV;Croatia;parliament;2016-09-11;0,26;1;151;one-seat;one seat;one seat;;62;1007;1001;1408;2295
HUN;Hungary;parliament;2018-04-08;;117;199;Fi-MPSz;Fidesz – Magyar Polgári Szövetség;Fidesz -- Hungarian Civic Union;6,5432;39;1023;814;1104;921
HUN;Hungary;parliament;2018-04-08;19,06;26;199;Jobbik;Jobbik Magyarországért Mozgalom;Jobbik Movement for a Better Hungary;8,8;39;1023;814;1104;600
HUN;Hungary;parliament;2018-04-08;11,91;20;199;MSZP;Magyar Szocialista Párt;Hungarian Socialist Party;2,8743;39;1023;814;1104;1591
HUN;Hungary;parliament;2018-04-08;;16;199;KDNP;Kereszténydemokrata Néppárt;Christian Democratic People's Party;7,4;39;1023;814;1104;434
HUN;Hungary;parliament;2018-04-08;5,37;9;199;DK;Demokratikus Koalíció;Democratic Coalition;3,3;39;1023;814;1104;1970
HUN;Hungary;parliament;2018-04-08;7,06;8;199;LMP;Lehet Más a Politika;Politics Can Be Different;2,5;39;1023;814;1104;403
HUN;Hungary;parliament;2018-04-08;0,46;1;199;one-seat;one seat;one seat;;39;1023;814;1104;952
HUN;Hungary;parliament;2018-04-08;0,66;1;199;Egyutt;Együtt – A Korszakváltók Pártja;Together -- Party for a New Era;3,3;39;1023;814;1104;2318
HUN;Hungary;parliament;2018-04-08;;1;199;FKgP;Független Kisgazda Párt;Independent Small Holders Party;9,0186;39;1023;814;1104;870
HUN;Hungary;parliament;2018-04-08;3,06;0;199;MM;Momentum Mozgalom;Momentum Movement;7,4;39;1023;814;1104;2659
HUN;Hungary;parliament;2018-04-08;1,73;0;199;MKKP;Magyar Kétfarkú Kutya Párt;Hungarian Two-tailed Dog Party;;39;1023;814;1104;2660
HUN;Hungary;parliament;2018-04-08;49,28;133;199;Fi+KDNP;Fidesz – Magyar Polgári Szövetség / Kereszténydemokrata Néppárt;Fidesz -- Hungarian Civic Party / Christian Democratic People's Party;6,5432;39;1023;814;1104;437
IRL;Ireland;parliament;2020-02-08;22,18;38;160;FF;Fianna Fáil;Fianna Fail;6,0713;37;1088;1002;1511;280
IRL;Ireland;parliament;2020-02-08;24,53;37;160;SF;Sinn Féin;Sinn Fein;2,7935;37;1088;1002;1511;2217
IRL;Ireland;parliament;2020-02-08;20,86;35;160;FG;Fine Gael;Fine Gael (Familiy of the Irish);6,4372;37;1088;1002;1511;1393
IRL;Ireland;parliament;2020-02-08;12,2;19;160;none;no party affiliation;no party affiliation;;37;1088;1002;1511;30
IRL;Ireland;parliament;2020-02-08;7,13;12;160;Green;Green Party  – Comhaontas Glas;Green Party;2,435;37;1088;1002;1511;1573
IRL;Ireland;parliament;2020-02-08;4,38;6;160;Lab;Labour Party;Labour Party;3,6252;37;1088;1002;1511;318
IRL;Ireland;parliament;2020-02-08;2,9;6;160;DS;Daonlathaigh Shóisialta;Social Democrats ;3,3;37;1088;1002;1511;2619
IRL;Ireland;parliament;2020-02-08;2,63;5;160;D-PRB;Dlúthphartíocht – Pobal Roimh Bhrabús;Solidarity -- People Before Profit;1,3;37;1088;1002;1511;2776
IRL;Ireland;parliament;2020-02-08;1,9;1;160;A;Aontú;Aontu;7,4;37;1088;1002;1511;2795
IRL;Ireland;parliament;2020-02-08;0,39;1;160;IC;Independents 4 Change;Independents 4 Change;1,3;37;1088;1002;1511;2621
ITA;Italy;parliament;2018-03-04;33,33;227;630;M5S;Movimento 5 Stelle;Five Star Movement;;26;1024;789;1501;2155
ITA;Italy;parliament;2018-03-04;17,39;124;630;LN;Lega Nord;North League;7,8007;26;1024;789;1501;1436
ITA;Italy;parliament;2018-03-04;18,76;112;630;PD;Partito Democratico;Democratic Party;2,6216;26;1024;789;1501;382
ITA;Italy;parliament;2018-03-04;14;106;630;FI-PdL;Forza Italia – Il Popolo della Libertà;Go Italy -- The People of Freedom;7,1459;26;1024;789;1501;596
ITA;Italy;parliament;2018-03-04;4,35;31;630;FdI-CN;Fratelli d'Italia – Centrodestra Nazionale;Brothers of Italy -- National Centre-right;7,4;26;1024;789;1501;2154
ITA;Italy;parliament;2018-03-04;3,39;14;630;S;Sinistra;Left;1,3;26;1024;789;1501;465
ITA;Italy;parliament;2018-03-04;1,34;4;630;UC;Unione / Centro;Union / Centre;6,1092;26;1024;789;1501;226
ITA;Italy;parliament;2018-03-04;0,41;4;630;SVP;Südtiroler Volkspartei;South Tyrol Peoples Party;5,4;26;1024;789;1501;1030
ITA;Italy;parliament;2018-03-04;0,54;2;630;IdV;Italia dei Valori;Italy of Values;4,8712;26;1024;789;1501;693
ITA;Italy;parliament;2018-03-04;2,76;2;630;#ІМ’Я?;#ІМ’Я?;More Europe;6;26;1024;789;1501;2737
ITA;Italy;parliament;2018-03-04;;1;630;CD;Centro Democratico; Democratic Centre;6;26;1024;789;1501;2153
ITA;Italy;parliament;2018-03-04;0,58;1;630;one-seat;one seat;one seat;;26;1024;789;1501;2302
ITA;Italy;parliament;2018-03-04;0,33;1;630;AIE;Associativo Italiani all'Estero;Associative Italians Abroad;;26;1024;789;1501;927
ITA;Italy;parliament;2018-03-04;0,21;1;630;USEI;Unione Sudamericana Emigrati Italiani;South American Union Italian Emigrants;7,4;26;1024;789;1501;2671
ITA;Italy;parliament;2018-03-04;1,13;0;630;PRC;Partito della Rifondazione Comunista;Communist Refoundation Party;0,8849;26;1024;789;1501;1321
LTU;Lithuania;parliament;2016-10-09;22,45;54;141;LVLS;Lietuvos valstiečių sąjunga;Lithuanian Peasant Union;3,2687;15;1009;786;1633;191
LTU;Lithuania;parliament;2016-10-09;22,63;31;141;TS-LK;Tėvynės sąjunga;Homeland Union;7,4004;15;1009;786;1633;1045
LTU;Lithuania;parliament;2016-10-09;15,04;17;141;LSDP;Lietuvos socialdemokratų partija;Lithuanian Social Democratic Party;3,1972;15;1009;786;1633;1277
LTU;Lithuania;parliament;2016-10-09;9,45;14;141;LRLS;Lietuvos Respublikos liberalų sąjūdis;Liberals Movement of the Republic of Lithuania;7,7562;15;1009;786;1633;482
LTU;Lithuania;parliament;2016-10-09;5,72;8;141;LLRA;Lietuvos lenkų rinkimų akcija;Election Action of Lithuania's Poles;3,865;15;1009;786;1633;28
LTU;Lithuania;parliament;2016-10-09;5,55;8;141;TT-LDP;Tvarka ir teisingumas – Liberalų demokratų partija;Order and Justice -- Liberal Democratic Party;5,2955;15;1009;786;1633;1421
LTU;Lithuania;parliament;2016-10-09;;4;141;none;no party affiliation;no party affiliation;;15;1009;786;1633;58
LTU;Lithuania;parliament;2016-10-09;4,88;2;141;DP;Darbo partija;Labour Party;3,86;15;1009;786;1633;581
LTU;Lithuania;parliament;2016-10-09;6,32;1;141;LCP;Lietuvos Centro Partija;Lithuanian Centre Party;8,8;15;1009;786;1633;2635
LTU;Lithuania;parliament;2016-10-09;2,03;1;141;LZP;Lietuvos žalioji partija;Lithuanian Green Party;2,5;15;1009;786;1633;21
LTU;Lithuania;parliament;2016-10-09;1,8;1;141;one-seat;one seat;one seat;;15;1009;786;1633;652
LTU;Lithuania;parliament;2016-10-09;2,23;0;141;LLS;Lietuvos laisvės sąjunga (liberalai);Lithuanian Freedom Union (Liberals);6;15;1009;786;1633;2634
LTU;Lithuania;parliament;2016-10-09;1,05;0;141;no-seat;no seat;no seat;;15;1009;786;1633;2636
LUX;Luxembourg;parliament;2018-10-14;27,08;21;60;CSV;Chrëschtlech Sozial Vollekspartei;Christian Social People's Party;6,4474;7;1043;803;1069;1234
LUX;Luxembourg;parliament;2018-10-14;16,4;12;60;DP;Demokratesch Partei;Democratic Party;6,5789;7;1043;803;1069;967
LUX;Luxembourg;parliament;2018-10-14;15,72;10;60;LSAP;Lëtzebuerger Sozialistesch Aarbechterpartei;Luxembourg Socialist Workers' Party;3,2895;7;1043;803;1069;701
LUX;Luxembourg;parliament;2018-10-14;14,1;9;60;Greng;Déi Gréng;The Greens;2,5;7;1043;803;1069;310
LUX;Luxembourg;parliament;2018-10-14;8,02;4;60;AR|ADR;Aktiounskomitee Rente | Alternativ Demokratesch Reformpartei;Action Committee Pensions | Alternative Democratic Reform Party;8,8158;7;1043;803;1069;1582
LUX;Luxembourg;parliament;2018-10-14;6,2;2;60;Pi;Piratepartei Lëtzebuerg;Pirate Party Luxembourg;;7;1043;803;1069;2256
LUX;Luxembourg;parliament;2018-10-14;4,72;2;60;DL;Déi Lénk;The Left;0,5263;7;1043;803;1069;457
LUX;Luxembourg;parliament;2018-10-14;1,07;0;60;KPL;Kommunistesch Partei Lëtzebuerg;Communist Party of Luxembourg;1,3;7;1043;803;1069;151
LVA;Latvia;parliament;2018-10-06;19,92;23;100;S;Saskaņas;Harmony;3;55;1042;831;1407;1100
LVA;Latvia;parliament;2018-10-06;13,67;16;100;JKP;Jaunā konservatīvā partija;New Conservative Party;7,4;55;1042;831;1407;2717
LVA;Latvia;parliament;2018-10-06;14,33;16;100;KPV-LV;Kam pieder valsts?;Who owns the state?;8,8;55;1042;831;1407;2715
LVA;Latvia;parliament;2018-10-06;11,08;13;100;NA/TB/LNNK;Nacionālā apvienība / Tēvzemei un Brīvībai / LNNK;National Alliance / For Fatherland and Freedom / LNNK;8,2588;55;1042;831;1407;521
LVA;Latvia;parliament;2018-10-06;12,12;13;100;LAAT; Latvijas attīstībai;Latvian Development;6;55;1042;831;1407;2392
LVA;Latvia;parliament;2018-10-06;9,97;11;100;ZZS;Zaļo un Zemnieku savienība;Green and Farmers' Union;5,2632;55;1042;831;1407;466
LVA;Latvia;parliament;2018-10-06;6,74;8;100;V;Vienotība;Unity;7,4;55;1042;831;1407;1666
LVA;Latvia;parliament;2018-10-06;3,22;0;100;PCTVL;Par cilvēka tiesībām vienotā Latvijā;For Human Rights in a United Latvia;1,25;55;1042;831;1407;1520
LVA;Latvia;parliament;2018-10-06;2,63;0;100;P;Progresīvie;The Progressive;3,3;55;1042;831;1407;2716
LVA;Latvia;parliament;2018-10-06;4,17;0;100;LRa;Latvijas Reģionu apvienība;Latvian Association of Regions;7,4;55;1042;831;1407;2366
MLT;Malta;parliament;2017-06-03;55,04;37;67;PL;Partit Laburista;Malta Labour Party;4,2105;72;1010;790;1046;1003
MLT;Malta;parliament;2017-06-03;43,68;30;67;PN;Partit Nazzjonalista;Nationalist Party;5,7143;72;1010;790;1046;984
MLT;Malta;parliament;2017-06-03;0,83;0;67;AD;Alternattiva Demokratika;Democratic Alternative;3,7895;72;1010;790;1046;360
NLD;Netherlands;parliament;2017-03-15;21,3;33;150;VVD;Volkspartij voor Vrijheid en Democratie;People's Party for Freedom and Democracy;7,3482;8;1012;785;1041;1409
NLD;Netherlands;parliament;2017-03-15;13,1;20;150;PVV;Partij voor de Vrijheid;Party for Freedom;8,8;8;1012;785;1041;1501
NLD;Netherlands;parliament;2017-03-15;12,4;19;150;CDA;Christen Democratisch Appèl;Christian Democratic Appeal;5,9376;8;1012;785;1041;235
NLD;Netherlands;parliament;2017-03-15;12,2;19;150;D66;Democraten 66;Democrats 66;4,5066;8;1012;785;1041;345
NLD;Netherlands;parliament;2017-03-15;9,1;14;150;GL;GroenLinks;GreenLeft;2,0454;8;1012;785;1041;756
NLD;Netherlands;parliament;2017-03-15;9,1;14;150;SP;Socialistiese Partij;Socialist Party;1,3682;8;1012;785;1041;357
NLD;Netherlands;parliament;2017-03-15;5,7;9;150;PvdA;Partij van de Arbeid;Labour Party;3,6118;8;1012;785;1041;742
NLD;Netherlands;parliament;2017-03-15;3,4;5;150;CU;ChristenUnie;ChristianUnion;6,1732;8;1012;785;1041;1206
NLD;Netherlands;parliament;2017-03-15;3,2;5;150;PvdD;Partij voor de Dieren;Party for the Animals;;8;1012;785;1041;990
NLD;Netherlands;parliament;2017-03-15;3,1;4;150;50+;50PLUS;50PLUS;6;8;1012;785;1041;2109
NLD;Netherlands;parliament;2017-03-15;2,1;3;150;SGP;Staatkundig Gereformeerde Partij;Political Reformed Party;8,7531;8;1012;785;1041;1251
NLD;Netherlands;parliament;2017-03-15;2,1;3;150;DENK;Beweging DENK;Think;6;8;1012;785;1041;2641
NLD;Netherlands;parliament;2017-03-15;1,8;2;150;FvD;Forum voor Democratie;Forum for Democracy;7,4;8;1012;785;1041;2642
NLD;Netherlands;parliament;2017-03-15;0,4;0;150;no-seat;no seat;no seat;;8;1012;785;1041;2110
POL;Poland;parliament;2019-10-13;43,59;235;460;PiS;Prawo i Sprawiedliwość;Law and Justice;7,6997;74;1082;996;1526;528
POL;Poland;parliament;2019-10-13;27,4;134;460;PO;Platforma Obywatelska;Civic Platform;6,2355;74;1082;996;1526;512
POL;Poland;parliament;2019-10-13;12,56;24;460;SLD;Sojusz Lewicy Demokratycznej;Democratic Left Alliance;2,8299;74;1082;996;1526;629
POL;Poland;parliament;2019-10-13;8,55;20;460;PSL;Polskie Stronnictwo Ludowe;Polish People's Party;4,1856;74;1082;996;1526;664
POL;Poland;parliament;2019-10-13;;19;460;WIO;Wiosna;Spring;3,3;74;1082;996;1526;2740
POL;Poland;parliament;2019-10-13;;6;460;LR;Lewica Razem;Left Together;3,3;74;1082;996;1526;2790
POL;Poland;parliament;2019-10-13;;6;460;K;Kukiz'15;Kukiz'15;8,8;74;1082;996;1526;2600
POL;Poland;parliament;2019-10-13;6,81;5;460;KORWIN;Koalicja Odnowy Rzeczypospolitej Wolność i Nadzieja KORWiN;Coalition for the Renewal of the Republic -- Liberty and Hope;7,4;74;1082;996;1526;2602
POL;Poland;parliament;2019-10-13;;5;460;RN;Ruch Narodowy;National Movement ;8,8;74;1082;996;1526;2398
POL;Poland;parliament;2019-10-13;;3;460;none;no party affiliation;no party affiliation;;74;1082;996;1526;1011
POL;Poland;parliament;2019-10-13;;1;460;D|W|U;Demokratyczna | Wolności | Unia;Democratic | Freedom | Union;5,2295;74;1082;996;1526;1104
POL;Poland;parliament;2019-10-13;0,17;1;460;MN;Mniejszość niemiecka w Polsce;German minority;;74;1082;996;1526;900
POL;Poland;parliament;2019-10-13;;1;460;one-seat;one seat;one seat;;74;1082;996;1526;2287
PRT;Portugal;parliament;2019-10-06;38,21;108;230;PS;Partido Socialista;Socialist Party;4,0492;63;1081;993;1198;725
PRT;Portugal;parliament;2019-10-06;29,19;79;230;PSD;Partido Social Democrata;Social Democratic Party;6,2949;63;1081;993;1198;1273
PRT;Portugal;parliament;2019-10-06;10,01;19;230;BE;Bloco de Esquerda;Bloc of the Left;1,6425;63;1081;993;1198;557
PRT;Portugal;parliament;2019-10-06;6,66;12;230;CDU;Coligação Democrático Unitária;Unified Democratic Coalition;2,2233;63;1081;993;1198;1295
PRT;Portugal;parliament;2019-10-06;4,44;5;230;CDS-PP;Centro Democrático e Social – Partido Popular;Democratic and Social Centre -- People's Party;8,0222;63;1081;993;1198;251
PRT;Portugal;parliament;2019-10-06;3,49;4;230;PAN;Partido pelos Animais e pela Natureza;Party for Animals and Nature;2,5;63;1081;993;1198;1781
PRT;Portugal;parliament;2019-10-06;1,14;1;230;L;Livre – Liberdade, Esquerda, Europa e Ecologia;Livre;3,3;63;1081;993;1198;2374
PRT;Portugal;parliament;2019-10-06;1,35;1;230;IL;Iniciativa Liberal;Liberal Initiative;6;63;1081;993;1198;2788
PRT;Portugal;parliament;2019-10-06;1,35;1;230;CH;Chega;Enough;8,8;63;1081;993;1198;2789
PRT;Portugal;parliament;2019-10-06;0,81;0;230;A;Aliança;Alliance;6;63;1081;993;1198;2756
ROU;Romania;parliament;2016-12-11;45,48;154;329;PSD;Partidul Social Democrat;Social Democratic Party;3,2325;23;1015;787;1197;1120
ROU;Romania;parliament;2016-12-11;20,04;69;329;PNL;Partidul Naţional Liberal;National Liberal Party;6,0543;23;1015;787;1197;1015
ROU;Romania;parliament;2016-12-11;8,87;30;329;USR;Uniunea Salvați România;Save Romania Union;6;23;1015;787;1197;2646
ROU;Romania;parliament;2016-12-11;6,19;21;329;UDMR;Uniunea Democrată Maghiară din România;Democratic Union of Hungarians in Romania;6,016;23;1015;787;1197;948
ROU;Romania;parliament;2016-12-11;5,62;20;329;ALDE;Alianța Liberalilor și Democraților;Alliance of Liberals and Democrats;6;23;1015;787;1197;2647
ROU;Romania;parliament;2016-12-11;5,35;18;329;PMP;Partidul Mișcarea Populară;People's Movement Party;6,2;23;1015;787;1197;2395
ROU;Romania;parliament;2016-12-11;;17;329;etnice;Partidele minorităţilor etnice din România;Romanian ethnic minorities parties;;23;1015;787;1197;425
ROU;Romania;parliament;2016-12-11;2,79;0;329;PRU;Partidul România Unită;United Romania Party;8,8;23;1015;787;1197;2648
ROU;Romania;parliament;2016-12-11;1,04;0;329;PRM;Partidul România Mare;Greater Romania Party;6,6618;23;1015;787;1197;713
SVK;Slovakia;parliament;2020-02-29;25,02;53;150;OLaNO;Obyčajní ľudia a nezávislé osobnosti;Ordinary People and Independent;7,4;1;1089;1003;1529;1759
SVK;Slovakia;parliament;2020-02-29;18,29;38;150;Smer;Smer – sociálna demokracia;Direction -- Social Democracy;3,3799;1;1089;1003;1529;220
SVK;Slovakia;parliament;2020-02-29;8,24;17;150;SR;Sme Rodina – Boris Kollár;We are family -- Boris Kollar;8,8;1;1089;1003;1529;2623
SVK;Slovakia;parliament;2020-02-29;7,97;17;150;LsNS;Ľudová strana Naše Slovensko;People's Party Our Slovakia;8,8;1;1089;1003;1529;586
SVK;Slovakia;parliament;2020-02-29;6,22;13;150;SaS;Sloboda a solidarita;Freedom and Solidarity;6;1;1089;1003;1529;1460
SVK;Slovakia;parliament;2020-02-29;5,77;12;150;ZAL;Za ľudí;For the People;6;1;1089;1003;1529;2796
SVK;Slovakia;parliament;2020-02-29;6,96;0;150;PS;Progresívne Slovensko;Progressive Slovakia;6;1;1089;1003;1529;2751
SVK;Slovakia;parliament;2020-02-29;;0;150;SPOLU;SPOLU – občianska demokracia;TOGETHER -- Civic Democracy;6;1;1089;1003;1529;2752
SVK;Slovakia;parliament;2020-02-29;4,65;0;150;KDH;Kresťanskodemokratické hnutie;Christian Democratic Movement;7,1082;1;1089;1003;1529;1432
SVK;Slovakia;parliament;2020-02-29;3,9;0;150;MK;Maďarskej koalície – Magyar koalíció;Hungarian Coalition;6,5005;1;1089;1003;1529;559
SVK;Slovakia;parliament;2020-02-29;3,16;0;150;SNS;Slovenská národná strana;Slovak National Party;7,0198;1;1089;1003;1529;1072
SVK;Slovakia;parliament;2020-02-29;2,05;0;150;MH;Most-Híd;Most-Hid;7,4;1;1089;1003;1529;1620
SVK;Slovakia;parliament;2020-02-29;3,06;0;150;DV;Dobrá voľba;Good Choice;3,3;1;1089;1003;1529;2797
SVK;Slovakia;parliament;2020-02-29;2,93;0;150;V;Vlasť;Homeland;8,8;1;1089;1003;1529;2798
SVN;Slovenia;parliament;2018-06-03;24,92;25;90;SDS;Slovenska demokratska stranka;Slovenian Democratic Party;6,9996;60;1025;817;1144;179
SVN;Slovenia;parliament;2018-06-03;12,6;13;90;LMS;Lista Marjana Šarca;List of Marjan Sarec;3,3;60;1025;817;1144;2668
SVN;Slovenia;parliament;2018-06-03;9,93;10;90;ZL-SD;Združena lista – Socialni demokrati;United List -- Social Democrats;3,0637;60;1025;817;1144;706
SVN;Slovenia;parliament;2018-06-03;9,75;10;90;SMC;Stranka Mira Cerarja;Party of Miro Cerar;3,3;60;1025;817;1144;2333
SVN;Slovenia;parliament;2018-06-03;9,33;9;90;L;Levica;The Left;1,3;60;1025;817;1144;2670
SVN;Slovenia;parliament;2018-06-03;7,16;7;90;NSI;Nova Slovenija – Krščanska ljudska stranka;New Slovenia -- Christian People's Party;7,9345;60;1025;817;1144;1047
SVN;Slovenia;parliament;2018-06-03;5,11;5;90;ZaAB;Zavezništvo Alenke Bratušek;Alliance of Alenka Bratusek;3,3;60;1025;817;1144;2337
SVN;Slovenia;parliament;2018-06-03;4,93;5;90;DeSUS;Demokratična stranka upokojencev Slovenije;Democratic Party of Pensioners of Slovenia;3,2292;60;1025;817;1144;1587
SVN;Slovenia;parliament;2018-06-03;4,17;4;90;SNS;Slovenska nacionalna stranka;Slovenian National Party;4,7941;60;1025;817;1144;981
SVN;Slovenia;parliament;2018-06-03;;1;90;Ita;Italijanska narodna skupnost;Italian national community;;60;1025;817;1144;199
SVN;Slovenia;parliament;2018-06-03;;1;90;Mad;Madžarska narodna skupnost;Hungarian national community;;60;1025;817;1144;65
SVN;Slovenia;parliament;2018-06-03;2,62;0;90;SLS;Slovenska ljudska stranka;Slovenian People's Party;6,6953;60;1025;817;1144;16
SVN;Slovenia;parliament;2018-06-03;2,15;0;90;PSS; Piratska stranka Slovenije;Slovenian Pirate Party;;60;1025;817;1144;2338
SVN;Slovenia;parliament;2018-06-03;1,52;0;90;DD;Dobra Drzava;Good Country;3,3;60;1025;817;1144;2669
SVN;Slovenia;parliament;2018-06-03;1,09;0;90;ZS;Zeleni Slovenije;Greens of Slovenia;2,5;60;1025;817;1144;1619
SWE;Sweden;parliament;2018-09-09;28,26;100;349;SAP;Socialdemokraterna;Social Democrats;3,4447;35;1041;828;1149;904
SWE;Sweden;parliament;2018-09-09;19,84;70;349;M;Moderaterna;Moderate Party;7,8907;35;1041;828;1149;657
SWE;Sweden;parliament;2018-09-09;17,53;62;349;SD;Sverigedemokraterna;Sweden Democrats;8,8;35;1041;828;1149;1546
SWE;Sweden;parliament;2018-09-09;8,61;31;349;C;Centerpartiet;Centre Party;5,8084;35;1041;828;1149;1461
SWE;Sweden;parliament;2018-09-09;8;28;349;V;Vänsterpartiet (kommunisterna);Left Party (Communists);1,5464;35;1041;828;1149;882
SWE;Sweden;parliament;2018-09-09;6,32;22;349;KD;Kristdemokraterna;Christian Democrats;7,195;35;1041;828;1149;282
SWE;Sweden;parliament;2018-09-09;5,49;20;349;FP;Folkpartiet;People's Party;6,2906;35;1041;828;1149;892
SWE;Sweden;parliament;2018-09-09;4,41;16;349;MP;Miljöpartiet de Gröna;Greens;3,3789;35;1041;828;1149;1154
