﻿country_name_short;country_name;election_type;election_date;vote_share;seats;seats_total;party_name_short;party_name;party_name_english;left_right;country_id;election_id;previous_parliament_election_id;previous_cabinet_id;party_id
AUT;Austria;parliament;15.10.2017;31,5;62;183;OVP;Österreichische Volkspartei;Austrian People's Party;6,4733;59;1019;802;1485;1013
AUT;Austria;parliament;15.10.2017;26,9;52;183;SPO;Sozialdemokratische Partei Österreichs;Social Democratic Party of Austria;3,7293;59;1019;802;1485;973
AUT;Austria;parliament;15.10.2017;26;51;183;FPO;Freiheitliche Partei Österreichs;Freedom Party of Austria;8,3494;59;1019;802;1485;50
AUT;Austria;parliament;15.10.2017;5,3;10;183;NEOS;NEOS – Das Neue Österreich;NEOS -- The New Austria;6;59;1019;802;1485;2255
AUT;Austria;parliament;15.10.2017;4,4;8;183;PILZ;Liste Peter Pilz;Peter Pilz List;2,5;59;1019;802;1485;2651
AUT;Austria;parliament;15.10.2017;3,8;0;183;Gruene;Die Grünen – Die Grüne Alternative;The Greens -- The Green Alternative;2,4604;59;1019;802;1485;1429
AUT;Austria;parliament;15.10.2017;1;0;183;GILT;Liste Roland Düringer – Meine Stimme GILT;My Vote Counts!;;59;1019;802;1485;2652
BEL;Belgium;parliament;25.05.2014;20,26;33;150;N-VA;Nieuw-Vlaamse Alliantie;New Flemish Alliance;6,5321;64;816;486;987;501
BEL;Belgium;parliament;25.05.2014;11,67;23;150;PS;Parti Socialiste;Socialist Party [Francophone];2,9307;64;816;486;987;1378
BEL;Belgium;parliament;25.05.2014;9,64;20;150;MR;Mouvement Réformateur;Reformist Movement;6,6889;64;816;486;987;915
BEL;Belgium;parliament;25.05.2014;11,61;18;150;CVP;Christelijke Volkspartij;Flemish Christian Peoples Party;5,7667;64;816;486;987;723
BEL;Belgium;parliament;25.05.2014;9,78;14;150;PVV|VLD;Partij voor Vrijheid en Vooruitgang | Vlaamse Liberalen en Democraten;Party of Liberty and Progress | Flemish Liberals and Democrats;7,0053;64;816;486;987;1110
BEL;Belgium;parliament;25.05.2014;8,83;13;150;SP;Socialistische Partij;Socialist Party;3,2459;64;816;486;987;1029
BEL;Belgium;parliament;25.05.2014;4,98;9;150;PSC-CDH;Parti Social Chrétien – Centre Democrate Humaniste;Francophone Christian Social Party -- Humanist Democratic Centre;5,4974;64;816;486;987;1192
BEL;Belgium;parliament;25.05.2014;5,32;6;150;AGL-Gr;Agalev – Groen;Agalev -- Green;2,5762;64;816;486;987;1594
BEL;Belgium;parliament;25.05.2014;3,3;6;150;Ecolo;Écologistes Confédérés pour l'organisation de luttes originales;Confederated ecologists for the organisation of original struggles;2,641;64;816;486;987;161
BEL;Belgium;parliament;25.05.2014;3,67;3;150;VB;Vlaams Blok;Flemish Block;9,6622;64;816;486;987;993
BEL;Belgium;parliament;25.05.2014;3,72;2;150;PA-PTB;Partij van de Arbeid – Parti du Travail de Belgique;Workers' Party of Belgium;1,2;64;816;486;987;256
BEL;Belgium;parliament;25.05.2014;1,8;2;150;FDF;Front Démocratique des Francophones;Francophone Democratic Front;6,1259;64;816;486;987;969
BEL;Belgium;parliament;25.05.2014;1,52;1;150;Pp;Parti populaire;People's Party;7,4;64;816;486;987;438
BEL;Belgium;parliament;25.05.2014;0,86;0;150;DLB;Debout Les Belges!;Belgians, Rise Up!;8,7;64;816;486;987;2368
BGR;Bulgaria;parliament;26.03.2017;33,54;95;240;GERB;Grazhdani za Evropeysko Razvitie na Balgariya;Citizens for European Development of Bulgaria;7,4;10;1011;840;1503;1541
BGR;Bulgaria;parliament;26.03.2017;27,93;80;240;KzB|DL;Koalitsiya za Balgariya | Demokratichna Levitsa;Coalition for Bulgaria | Democratic Left;2,8982;10;1011;840;1503;1160
BGR;Bulgaria;parliament;26.03.2017;9,31;27;240;NFSB;Natsionalen Front za Spasenie na Balgariya;National Front for the Salvation of Bulgaria;8,7;10;1011;840;1503;2211
BGR;Bulgaria;parliament;26.03.2017;9,24;26;240;DPS;Dvizhenie za Prava i Svobodi;Movement for Rights and Freedoms;4,5828;10;1011;840;1503;1286
BGR;Bulgaria;parliament;26.03.2017;4,26;12;240;Volya;Volya;Will;6;10;1011;840;1503;2637
BGR;Bulgaria;parliament;26.03.2017;3,14;0;240;RB;Reformatorski Blok;Reformist Bloc;7,4;10;1011;840;1503;2363
BGR;Bulgaria;parliament;26.03.2017;2,54;0;240;DSB;Demokrati za Silna Balgariya;Democrats for a Strong Bulgaria;7,85;10;1011;840;1503;57
BGR;Bulgaria;parliament;26.03.2017;2,96;0;240;DB;Da Bulgaria;Yes, Bulgaria!;6;10;1011;840;1503;2638
BGR;Bulgaria;parliament;26.03.2017;2,94;0;240;DOST;Demokrati za Otgovornost, Svoboda i Tolerantnost;Democrats for Responsibility, Solidarity and Tolerance;6;10;1011;840;1503;2639
BGR;Bulgaria;parliament;26.03.2017;1,59;0;240;ABV;Alternativa za balgarsko vazrazhdane;Alternative for Bulgarian Revival;3,3;10;1011;840;1503;2364
BGR;Bulgaria;parliament;26.03.2017;1,11;0;240;R;Vazrazhdane;Revival;8,7;10;1011;840;1503;2640
CYP;Cyprus;parliament;22.05.2016;30,69;18;56;DISY;Dimokratikós Sinayermós;Democratic Rally;8,6842;51;1004;701;1086;1575
CYP;Cyprus;parliament;22.05.2016;25,67;16;56;AKEL;Anorthotikó Kómma Ergazómenou Laoú;Progressive Party of Working People;1,0526;51;1004;701;1086;572
CYP;Cyprus;parliament;22.05.2016;14,49;9;56;DIKO;Dimokratikó Kómma;Democratic Party;5,1316;51;1004;701;1086;851
CYP;Cyprus;parliament;22.05.2016;6,18;3;56;EDEK;Kinima Sosialdimokraton EDEK;Movement for Social Democracy EDEK;3,2895;51;1004;701;1086;945
CYP;Cyprus;parliament;22.05.2016;6,01;3;56;SYM;Symmaxia;Citizen's Alliance;3,3;51;1004;701;1086;2341
CYP;Cyprus;parliament;22.05.2016;5,24;3;56;KINHMA;Kinima Allileggiis;Solidarity Movement;8,7;51;1004;701;1086;2626
CYP;Cyprus;parliament;22.05.2016;4,81;2;56;KOP;Kinima Oikologoi Perivallontistoi;Ecological and Environmental Movement;5,7895;51;1004;701;1086;1621
CYP;Cyprus;parliament;22.05.2016;3,71;2;56;ELAM;Ethniko Laiko Metopo;National Popular Front;8,7;51;1004;701;1086;1768
CYP;Cyprus;parliament;22.05.2016;1,16;0;56;KGTZTK;Kinima gia ta zoa tis Kiprou;Animal Party Cyprus;;51;1004;701;1086;2627
CZE;Czech Republic;parliament;21.10.2017;29,64;78;200;ANO;Akce nespokojených občanů;Action of Dissatisfied Citizens;6;68;1020;805;1072;2263
CZE;Czech Republic;parliament;21.10.2017;11,32;25;200;ODS;Občanská demokratická strana;Civic Democratic Party;7,3637;68;1020;805;1072;829
CZE;Czech Republic;parliament;21.10.2017;10,79;22;200;Pi;Ceska piratska strana;Czech Pirate Party;;68;1020;805;1072;2261
CZE;Czech Republic;parliament;21.10.2017;10,64;22;200;SPD;Svoboda a přímá demokracie Tomio Okamura;Freedom and Direct Democracy Tomio Okamura;8,7;68;1020;805;1072;2654
CZE;Czech Republic;parliament;21.10.2017;7,27;15;200;CSSD;Česká strana sociálně demokratická;Czech Social Democratic Party;3,0463;68;1020;805;1072;789
CZE;Czech Republic;parliament;21.10.2017;7,76;15;200;KSCM;Komunistická strana Cech a Moravy;Communist Party of Bohemia and Moravia;0,7498;68;1020;805;1072;1173
CZE;Czech Republic;parliament;21.10.2017;5,8;10;200;KDU-CSL;Křesťanská a demokratická unie – Československá strana lidová;Christian Democratic Union -- People's Party;5,8099;68;1020;805;1072;1245
CZE;Czech Republic;parliament;21.10.2017;5,31;7;200;TOP09;Tradice Odpovědnost Prosperita 09;Tradition Responsibility Prosperity 09;7,4;68;1020;805;1072;2
CZE;Czech Republic;parliament;21.10.2017;5,18;6;200;STAN;Starostové a nezávislí;Mayors and Independents;;68;1020;805;1072;2024
CZE;Czech Republic;parliament;21.10.2017;1,46;0;200;SZ;Strana zelených;Green Party;4,123;68;1020;805;1072;196
CZE;Czech Republic;parliament;21.10.2017;1,56;0;200;SSO;Strana svobodných občanů;Party of Free Citizens;7,4;68;1020;805;1072;363
DEU;Germany;parliament;24.09.2017;26,8;200;709;CDU;Christlich Demokratische Union;Christian Democratic Union;6,2503;54;1016;800;1071;808
DEU;Germany;parliament;24.09.2017;20,5;153;709;SPD;Sozialdemokratische Partei Deutschlands;Social Democratic Party of Germany;3,6451;54;1016;800;1071;558
DEU;Germany;parliament;24.09.2017;12,6;94;709;AfD;Alternative für Deutschland;Alternative for Germany;8,7;54;1016;800;1071;2253
DEU;Germany;parliament;24.09.2017;10,7;80;709;FDP;Freie Demokratische Partei;Free Democratic Party;5,9233;54;1016;800;1071;543
DEU;Germany;parliament;24.09.2017;9,2;69;709;Li/PDS;Die Linke / PDS;The Left / PDS;1,2152;54;1016;800;1071;791
DEU;Germany;parliament;24.09.2017;8,9;67;709;B90/Gru;Bündnis 90 / Die Grünen;Alliance 90 / Greens;2,9308;54;1016;800;1071;772
DEU;Germany;parliament;24.09.2017;6,2;46;709;CSU;Christlich Soziale Union;Christian Social Union;7,2871;54;1016;800;1071;1180
DEU;Germany;parliament;24.09.2017;1;0;709;FW;Freie Wähler;Free Voters;7,4;54;1016;800;1071;41
DEU;Germany;parliament;24.09.2017;1;0;709;PARTEI;Die PARTEI;THE PARTY;;54;1016;800;1071;2649
DNK;Denmark;parliament;18.06.2015;25,66;47;179;Sd;Socialdemokraterne;Social Democrats;3,8011;21;976;722;1074;1629
DNK;Denmark;parliament;18.06.2015;20,58;37;179;DF;Dansk Folkeparti;Danish Peoples Party;8,2269;21;976;722;1074;1418
DNK;Denmark;parliament;18.06.2015;19,01;34;179;V;Venstre;Liberal Party;7,292;21;976;722;1074;1605
DNK;Denmark;parliament;18.06.2015;7,62;14;179;En-O;Enhedslisten – De Rød-Grønne;Red-Green Alliance;0,8912;21;976;722;1074;306
DNK;Denmark;parliament;18.06.2015;7,36;13;179;NLA;Ny-Liberal Alliance;New-Liberal Alliance;6;21;976;722;1074;376
DNK;Denmark;parliament;18.06.2015;4,68;9;179;A;Alternativet;The Alternative;2,5;21;976;722;1074;2567
DNK;Denmark;parliament;18.06.2015;4,47;8;179;RV;Det Radikale Venstre;Danish Social Liberal Party;4,8736;21;976;722;1074;211
DNK;Denmark;parliament;18.06.2015;4,09;7;179;SF;Socialistisk Folkeparti;Socialist Peoples Party;2,1347;21;976;722;1074;1644
DNK;Denmark;parliament;18.06.2015;3,27;6;179;KF;Konservative;Conservatives;7,2186;21;976;722;1074;590
DNK;Denmark;parliament;18.06.2015;0,22;1;179;IA;Inuit Ataqatigiit;Community of the People;1,2;21;976;722;1074;1891
DNK;Denmark;parliament;18.06.2015;0,22;1;179;Si;Siumut;Forward (Greenland);3,3;21;976;722;1074;74
DNK;Denmark;parliament;18.06.2015;0,16;1;179;T;Tjóðveldi;Republic (Faroe Islands);1,2;21;976;722;1074;2568
DNK;Denmark;parliament;18.06.2015;0,16;1;179;Jf;Javnaðarflokkurin;Social Democratic Party (Faroe Islands);3,3;21;976;722;1074;1894
DNK;Denmark;parliament;18.06.2015;0,81;0;179;KrF;Kristeligt Folkeparti;Christian People's Party;5,6982;21;976;722;1074;1331
ESP;Spain;parliament;26.06.2016;33,03;137;350;AP-P;Alianza-Partido Popular;People's Alliance-Party;7,5969;27;1005;998;1421;645
ESP;Spain;parliament;26.06.2016;22,66;85;350;PSOE;Partido Socialista Obrero Español;Spanish Socialist Workers Party;3,7377;27;1005;998;1421;902
ESP;Spain;parliament;26.06.2016;13,37;45;350;P;Podemos;We Can;1,2;27;1005;998;1421;2376
ESP;Spain;parliament;26.06.2016;13,05;32;350;C-PC;Ciudadanos – Partido de la Ciudadanía;Citizens -- Party of the Citizenry;6;27;1005;998;1421;2375
ESP;Spain;parliament;26.06.2016;3,55;12;350;ECP;En Comú Podem;In Common We Can;1,2;27;1005;998;1421;2606
ESP;Spain;parliament;26.06.2016;2,74;9;350;C|AV;Compromís | A la valenciana;Compromise | A la valenciana;1,2;27;1005;998;1421;2607
ESP;Spain;parliament;26.06.2016;2,63;9;350;ERC;Esquerra Republicana de Catalunya;Republican Left of Catalonia;3,1072;27;1005;998;1421;757
ESP;Spain;parliament;26.06.2016;2,01;8;350;CDC;Convergència Democràtica de Catalunya;Democratic Convergence of Catalonia;7,4;27;1005;998;1421;2605
ESP;Spain;parliament;26.06.2016;1,44;5;350;EM;En Marea;In Tide;1,2;27;1005;998;1421;2604
ESP;Spain;parliament;26.06.2016;1,2;5;350;PNV;Partido Nacionalista Vasco – Euzko Alderdi Jeltzalea;Basque Nationalist Party;6,2144;27;1005;998;1421;1361
ESP;Spain;parliament;26.06.2016;0,77;2;350;EHB;Euskal Herria Bildu;Basque Country Unite;;27;1005;998;1421;2603
ESP;Spain;parliament;26.06.2016;0,33;1;350;CC;Coalición Canaria;Canary Coalition;5,9789;27;1005;998;1421;234
ESP;Spain;parliament;26.06.2016;1,19;0;350;PACMA;Partido Animalista Contra el Maltrato Animal;Animalist Party Against Mistreatment to Animals;;27;1005;998;1421;2381
EST;Estonia;parliament;01.03.2015;27,69;30;101;ERe;Eesti Reformierakond;Estonian Reform Party;7,8969;75;853;699;1095;113
EST;Estonia;parliament;01.03.2015;24,81;27;101;EK;Eesti Keskerakond;Estonian Centre Party;3,9562;75;853;699;1095;1137
EST;Estonia;parliament;01.03.2015;15,19;15;101;SDE|M;Sotsiaaldemokraatlik Erakond | Mõõdukad;Social Democratic Party | Moderates;4,1915;75;853;699;1095;1448
EST;Estonia;parliament;01.03.2015;13,71;14;101;IRL;Erakond Isamaa ja Res Publica Liit;Union of Pro Patria and Res Publica;8,4962;75;853;699;1095;1597
EST;Estonia;parliament;01.03.2015;8,69;8;101;EV;Eesti Vabaerakond;Free Party;7,4;75;853;699;1095;2409
EST;Estonia;parliament;01.03.2015;8,15;7;101;ERa;Eestimaa Rahvalliit;People's Union of Estonia;4,5812;75;853;699;1095;417
EST;Estonia;parliament;01.03.2015;0,9;0;101;EER;Erakonna Eestimaa Rohelised;Estonian Greens;2,5;75;853;699;1095;219
FIN;Finland;parliament;19.04.2015;21,1;49;200;KESK;Keskusta;Centre Party;5,8027;67;855;700;1145;94
FIN;Finland;parliament;19.04.2015;17,65;38;200;SP|P;Suomen Puolue | Perussuomalaiset;Finnish Party | True Finns;6,6331;67;855;700;1145;200
FIN;Finland;parliament;19.04.2015;18,2;37;200;KOK;Kansallinen Kokoomus – Samlingspartiet;National Coalition Party;7,2451;67;855;700;1145;1118
FIN;Finland;parliament;19.04.2015;16,51;34;200;SSDP;Suomen Sosialidemokraattinen Puolue – Finlands Socialdemokratiska Parti;Social Democratic Party of Finland;3,5595;67;855;700;1145;395
FIN;Finland;parliament;19.04.2015;8,53;15;200;VIHR;Vihreä Liitto – Gröna Förbundet;Green League;3,6465;67;855;700;1145;1062
FIN;Finland;parliament;19.04.2015;7,13;12;200;DL|VAS;Demokraattinen Liitto – Demokratiska Förbundet | Vasemmistoliitto – Vänsterförbundet ;Democratic Union | Left Alliance;2,1843;67;855;700;1145;1292
FIN;Finland;parliament;19.04.2015;4,88;9;200;RKP-SFP;Ruotsalainen Kansanpuolue – Svenska Folkepartiet i Finland;Swedish People's Party;6,3906;67;855;700;1145;585
FIN;Finland;parliament;19.04.2015;3,54;5;200;KD;Kristillisdemokraatit – Kristdemokraterna;Christian Democrats;7,1884;67;855;700;1145;1463
FIN;Finland;parliament;19.04.2015;0,56;1;200;one-seat;one seat;one seat;;67;855;700;1145;2413
FIN;Finland;parliament;19.04.2015;0,85;0;200;Pi;Piraattipuolue;Pirate Party Finland;;67;855;700;1145;2412
FRA;France;parliament;18.06.2017;28,21;308;577;REM;La République En Marche!;The Republic Onwards!;6;43;1014;782;1508;2643
FRA;France;parliament;18.06.2017;15,77;112;577;UMP|LR;Union pour un mouvement populaire | Les Républicains;Union for a Popular Movement | The Republicans;7,4997;43;1014;782;1508;658
FRA;France;parliament;18.06.2017;4,12;42;577;UDF|MD;Union pour la démocratie française | Mouvement démocrate;Union for French Democracy | Democratic Movement;6,1017;43;1014;782;1508;509
FRA;France;parliament;18.06.2017;7,44;30;577;PS;Parti socialiste;Socialist Party;3,2493;43;1014;782;1508;1539
FRA;France;parliament;18.06.2017;3,03;18;577;UDI;Union des démocrates et indépendants;Union of Democrats and Independents;7,4;43;1014;782;1508;2273
FRA;France;parliament;18.06.2017;11,03;17;577;FI;La France Insoumise;Unbowed France;1,2;43;1014;782;1508;2644
FRA;France;parliament;18.06.2017;1,6;12;577;gauche;divers gauche;other left;3,3;43;1014;782;1508;177
FRA;France;parliament;18.06.2017;2,72;10;577;PCF;Parti communiste française;French Communist Party;1,3741;43;1014;782;1508;686
FRA;France;parliament;18.06.2017;13,2;8;577;FN;Front national;National Front;9,6854;43;1014;782;1508;270
FRA;France;parliament;18.06.2017;2,76;6;577;droite;divers droite;other right;7,6583;43;1014;782;1508;285
FRA;France;parliament;18.06.2017;;5;577;none;sans étiquette;no party affiliation;;43;1014;782;1508;947
FRA;France;parliament;18.06.2017;0,47;3;577;PRG;Parti radical de gauche;Radical Party of the Left;4,0813;43;1014;782;1508;1492
FRA;France;parliament;18.06.2017;;3;577;etc;divers;others;;43;1014;782;1508;1328
FRA;France;parliament;18.06.2017;4,3;1;577;V;Les Verts;Greens;3,155;43;1014;782;1508;873
FRA;France;parliament;18.06.2017;1,17;1;577;DLR|DLF;Debout la république | Debout la France;Arise the Republic | France Arise;7,4;43;1014;782;1508;2399
FRA;France;parliament;18.06.2017;0,3;1;577;ex-dro;extrême droite;other far-right;8,7;43;1014;782;1508;2079
FRA;France;parliament;18.06.2017;0,77;0;577;ex-gau;extrême gauche;other far-left;1,2;43;1014;782;1508;2083
GRC;Greece;parliament;20.09.2015;35,46;145;300;SYRIZA;Synaspismós Rizospastikís Aristerás;Coalition of the Radical Left;2,8947;41;992;851;1157;1592
GRC;Greece;parliament;20.09.2015;28,1;75;300;ND;Néa Đimokratía;New Democracy;6,7365;41;992;851;1157;47
GRC;Greece;parliament;20.09.2015;6,99;18;300;LS-CA;Laikos Syndesmos – Chrysi Avg;Peoples Association -- Golden Dawn;8,7;41;992;851;1157;2092
GRC;Greece;parliament;20.09.2015;6,28;17;300;PASOK;Panellinio Sosialistikó Kínima;Panhellenic Socialist Movement;4,4968;41;992;851;1157;1338
GRC;Greece;parliament;20.09.2015;5,55;15;300;KKE;Kommounistikó Kómma Elládas;Communist Party of Greece;1,253;41;992;851;1157;614
GRC;Greece;parliament;20.09.2015;4,09;11;300;TP;To Potami;The River;3,3;41;992;851;1157;2346
GRC;Greece;parliament;20.09.2015;3,69;10;300;AE;Anexartitoi Ellines;Independent Greeks;8,7;41;992;851;1157;2091
GRC;Greece;parliament;20.09.2015;3,43;9;300;EK;Enosi Kentroon;Union of Centrists;3,3;41;992;851;1157;2165
GRC;Greece;parliament;20.09.2015;2,86;0;300;LE;Laïkí Enótita;Popular Unity;1,2;41;992;851;1157;2596
HRV;Croatia;parliament;11.09.2016;35,17;61;151;HDZ;Hrvatska demokratska zajednica;Croatian Democratic Union;7,1053;62;1007;1001;1408;276
HRV;Croatia;parliament;11.09.2016;32,18;54;151;SPH;Socijaldemokratska partija Hrvatske;Social Democratic Party of Croatia;3,2456;62;1007;1001;1408;1493
HRV;Croatia;parliament;11.09.2016;9,43;13;151;Most;Most nezavisnih lista;Bridge of Independent Lists;7,4;62;1007;1001;1408;2615
HRV;Croatia;parliament;11.09.2016;5,92;8;151;ZiZi;Živi zid;Human Shield ;8,7;62;1007;1001;1408;2612
HRV;Croatia;parliament;11.09.2016;1,92;8;151;ethnic;ethnic;ethnic;;62;1007;1001;1408;2192
HRV;Croatia;parliament;11.09.2016;2,18;3;151;IDS;Istarski demokratski sabor;Istrian Democratic Assembly;3,4211;62;1007;1001;1408;1627
HRV;Croatia;parliament;11.09.2016;3,84;2;151;MB;Milan Bandić 365 – Stranka rada i solidarnosti;Milan Bandic 365 -- The Party of Labour and Solidarity;3,3;62;1007;1001;1408;2628
HRV;Croatia;parliament;11.09.2016;1,19;1;151;HDSSB;Hrvatski demokratski savez Slavonije i Baranje;Croatian Democratic Alliance of Slavonia and Baranja;8,7;62;1007;1001;1408;2135
HRV;Croatia;parliament;11.09.2016;0,26;1;151;one-seat;one seat;one seat;;62;1007;1001;1408;2295
HUN;Hungary;parliament;06.04.2014;;117;199;Fi-MPSz;Fidesz – Magyar Polgári Szövetség;Fidesz -- Hungarian Civic Union;6,5432;39;814;688;846;921
HUN;Hungary;parliament;06.04.2014;20,04;29;199;MSZP;Magyar Szocialista Párt;Hungarian Socialist Party;2,8743;39;814;688;846;1591
HUN;Hungary;parliament;06.04.2014;20,22;23;199;Jobbik;Jobbik Magyarországért Mozgalom;Jobbik Movement for a Better Hungary;8,7;39;814;688;846;600
HUN;Hungary;parliament;06.04.2014;;16;199;KDNP;Kereszténydemokrata Néppárt;Christian Democratic People's Party;7,4;39;814;688;846;434
HUN;Hungary;parliament;06.04.2014;5,34;5;199;LMP;Lehet Más a Politika;Politics Can Be Different;2,5;39;814;688;846;403
HUN;Hungary;parliament;06.04.2014;2,76;4;199;DK;Demokratikus Koalíció;Democratic Coalition;3,3;39;814;688;846;1970
HUN;Hungary;parliament;06.04.2014;2,07;3;199;Egyutt;Együtt – A Korszakváltók Pártja;Together -- Party for a New Era;3,3;39;814;688;846;2318
HUN;Hungary;parliament;06.04.2014;;1;199;one-seat;one seat;one seat;;39;814;688;846;952
HUN;Hungary;parliament;06.04.2014;0,69;1;199;PM;Párbeszéd Magyarországért;Dialogue for Hungary;2,5;39;814;688;846;2349
HUN;Hungary;parliament;06.04.2014;0,56;0;199;MMP;Magyar Munkáspárt;Hungarian Workers' Party;0,6316;39;814;688;846;1202
HUN;Hungary;parliament;06.04.2014;44,87;233;199;Fi+KDNP;Fidesz – Magyar Polgári Szövetség / Kereszténydemokrata Néppárt;Fidesz -- Hungarian Civic Party / Christian Democratic People's Party;6,5432;39;814;688;846;437
IRL;Ireland;parliament;26.02.2016;25,52;49;157;FG;Fine Gael;Fine Gael (Familiy of the Irish);6,4372;37;1002;698;904;1393
IRL;Ireland;parliament;26.02.2016;24,35;44;157;FF;Fianna Fáil;Fianna Fail;6,0713;37;1002;698;904;280
IRL;Ireland;parliament;26.02.2016;13,85;23;157;SF;Sinn Féin;Sinn Fein;2,7935;37;1002;698;904;2217
IRL;Ireland;parliament;26.02.2016;11,14;12;157;none;no party affiliation;no party affiliation;;37;1002;698;904;30
IRL;Ireland;parliament;26.02.2016;6,61;7;157;Lab;Labour Party;Labour Party;3,6252;37;1002;698;904;318
IRL;Ireland;parliament;26.02.2016;4,21;6;157;IA;Independent Alliance;Independent Alliance;;37;1002;698;904;2622
IRL;Ireland;parliament;26.02.2016;3,95;6;157;SP;Socialist Party;Socialist Party;1,2;37;1002;698;904;1014
IRL;Ireland;parliament;26.02.2016;1,47;4;157;IC;Independents 4 Change;Independents 4 Change;;37;1002;698;904;2621
IRL;Ireland;parliament;26.02.2016;3,01;3;157;DS;Daonlathaigh Shóisialta;Social Democrats ;3,3;37;1002;698;904;2619
IRL;Ireland;parliament;26.02.2016;2,72;2;157;Green;Green Party  – Comhaontas Glas;Green Party;2,435;37;1002;698;904;1573
IRL;Ireland;parliament;26.02.2016;0,35;1;157;one-seat;one seat;one seat;;37;1002;698;904;2298
IRL;Ireland;parliament;26.02.2016;2,18;0;157;RI;Renua Ireland;Renua Ireland;7,4;37;1002;698;904;2620
ITA;Italy;parliament;25.02.2013;25,42;292;617;PD;Partito Democratico;Democratic Party;2,6216;26;789;111;983;382
ITA;Italy;parliament;25.02.2013;25,55;108;617;M5S;Movimento 5 Stelle;Five Star Movement;2,5;26;789;111;983;2155
ITA;Italy;parliament;25.02.2013;21,56;97;617;FI-PdL;Forza Italia – Il Popolo della Libertà;Go Italy -- The People of Freedom;7,1459;26;789;111;983;596
ITA;Italy;parliament;25.02.2013;3,2;37;617;SL;Sinistra (Ecologia) Libertà;Left (Ecology) Freedom;1,2;26;789;111;983;465
ITA;Italy;parliament;25.02.2013;8,3;37;617;SC;Scelta Civica;Civic Choice;6;26;789;111;983;2156
ITA;Italy;parliament;25.02.2013;4,08;18;617;LN;Lega Nord;North League;7,8007;26;789;111;983;1436
ITA;Italy;parliament;25.02.2013;1,95;9;617;FdI-CN;Fratelli d'Italia – Centrodestra Nazionale;Brothers of Italy -- National Centre-right;7,4;26;789;111;983;2154
ITA;Italy;parliament;25.02.2013;1,78;8;617;UC;Unione / Centro;Union / Centre;6,1092;26;789;111;983;226
ITA;Italy;parliament;25.02.2013;0,49;6;617;CD;Centro Democratico; Democratic Centre;6;26;789;111;983;2153
ITA;Italy;parliament;25.02.2013;0,43;5;617;SVP;Südtiroler Volkspartei;South Tyrol Peoples Party;5,4;26;789;111;983;1030
ITA;Italy;parliament;25.02.2013;2,25;0;617;RC;Rivoluzione Civile;Civil Revolution;1,2;26;789;111;983;2157
ITA;Italy;parliament;25.02.2013;1,11;0;617;FiD;Fermare il Declino;Stop the Decline;6;26;789;111;983;2158
ITA;Italy;parliament;25.02.2013;;0;617;FLI;Futuro e libertà per l'Italia;Future and Freedom for Italy;7,4;26;789;111;983;1477
LTU;Lithuania;parliament;09.10.2016;22,45;54;141;LVLS;Lietuvos valstiečių sąjunga;Lithuanian Peasant Union;3,2687;15;1009;786;1042;191
LTU;Lithuania;parliament;09.10.2016;22,63;31;141;TS-LK;Tėvynės Sąjunga;Homeland Union;7,4004;15;1009;786;1042;1045
LTU;Lithuania;parliament;09.10.2016;15,04;17;141;LSDP;Lietuvos socialdemokratų partija;Lithuanian Social Democratic Party;3,1972;15;1009;786;1042;1277
LTU;Lithuania;parliament;09.10.2016;9,45;14;141;LRLS;Lietuvos Respublikos Liberalų sąjūdis;Liberals Movement of the Republic of Lithuania;7,7562;15;1009;786;1042;482
LTU;Lithuania;parliament;09.10.2016;5,72;8;141;LLRA;Lietuvos lenkų rinkimų akcija;Election Action of Lithuania's Poles;3,865;15;1009;786;1042;28
LTU;Lithuania;parliament;09.10.2016;5,55;8;141;TT-LDP;Tvarka ir teisingumas – Liberalų Demokratų Partija;Order and Justice -- Liberal Democratic Party;5,2955;15;1009;786;1042;1421
LTU;Lithuania;parliament;09.10.2016;;4;141;none;no party affiliation;no party affiliation;;15;1009;786;1042;58
LTU;Lithuania;parliament;09.10.2016;4,88;2;141;DP;Darbo Partija;Labour Party;3,86;15;1009;786;1042;581
LTU;Lithuania;parliament;09.10.2016;6,32;1;141;LCP;Lietuvos Centro Partija;Lithuanian Centre Party;8,7;15;1009;786;1042;2635
LTU;Lithuania;parliament;09.10.2016;2,03;1;141;LZP;Lietuvos žalioji partija;Lithuanian Green Party;2,5;15;1009;786;1042;21
LTU;Lithuania;parliament;09.10.2016;1,8;1;141;one-seat;one seat;one seat;;15;1009;786;1042;652
LTU;Lithuania;parliament;09.10.2016;2,23;0;141;LLS;Lietuvos Laisvės Sąjunga (Liberalai);Lithuanian Freedom Union (Liberals);6;15;1009;786;1042;2634
LTU;Lithuania;parliament;09.10.2016;1,05;0;141;no-seat;no seat;no seat;;15;1009;786;1042;2636
LUX;Luxembourg;parliament;20.10.2013;33,68;23;60;CSV;Chrëschtlech Sozial Vollekspartei – Parti populaire chrétien social – Christlich Soziale Volkspartei;Christian Social People's Party;6,4474;7;803;172;1063;1234
LUX;Luxembourg;parliament;20.10.2013;18,25;13;60;DP;Demokratesch Partei – Parti Démocratique – Demokratische Partei;Democratic Party;6,5789;7;803;172;1063;967
LUX;Luxembourg;parliament;20.10.2013;20,28;13;60;LSAP;Lëtzebuerger Sozialistesch Arbechterpartei – Parti Ouvrier Socialiste Luxembourgeois – Luxemburger Sozialistische Arbeiterpartei;Luxembourg Socialist Workers' Party;3,2895;7;803;172;1063;701
LUX;Luxembourg;parliament;20.10.2013;10,13;6;60;Greng;Déi Gréng – Les Verts – Die Grünen;The Greens;2,5;7;803;172;1063;310
LUX;Luxembourg;parliament;20.10.2013;6,64;3;60;AR|ADR;Aktionskomitee Rente – Comité d’action pensions | Alternativ Demokratesch Reformpartei – Parti réformiste d'alternative démocratique;Action Committee Pensions | Alternative Democratic Reform Party;8,8158;7;803;172;1063;1582
LUX;Luxembourg;parliament;20.10.2013;4,94;2;60;DL;Déi Lénk – La Gauche – Die Linke;The Left;0,5263;7;803;172;1063;457
LUX;Luxembourg;parliament;20.10.2013;1,64;0;60;KPL;Kommunistesch Partei Lëtzebuerg – Parti Communiste Luxembourgeois – Kommunistische Partei Luxemburg;Communist Party of Luxembourg;1,2;7;803;172;1063;151
LUX;Luxembourg;parliament;20.10.2013;2,94;0;60;Pi;Piratepartei Lëtzebuerg – Piratenpartei Parti pirate du Luxembourg – Piratenpartei Luxemburg;Pirate Party Luxembourg;;7;803;172;1063;2256
LUX;Luxembourg;parliament;20.10.2013;1,5;0;60;PID;Partei fir Integral Demokratie – Parti pour la democratie integrale – Partei für Integrale Demokratie;Party for Full Democracy;7,4;7;803;172;1063;2257
LVA;Latvia;parliament;04.10.2014;23;24;100;S;Saskaņas;Harmony;3;55;831;765;1073;1100
LVA;Latvia;parliament;04.10.2014;21,87;23;100;V;Vienotība;Unity;7,4;55;831;765;1073;1666
LVA;Latvia;parliament;04.10.2014;19,53;21;100;ZZS;Zaļo un Zemnieku savienība;Green and Farmers' Union;5,2632;55;831;765;1073;466
LVA;Latvia;parliament;04.10.2014;16,61;17;100;NA/TB/LNNK;Nacionālā apvienība / Tēvzemei un Brīvībai / LNNK;National Alliance / For Fatherland and Freedom / LNNK;8,2588;55;831;765;1073;521
LVA;Latvia;parliament;04.10.2014;6,66;8;100;LRa;Latvijas Reģionu apvienība;Latvian Association of Regions;7,4;55;831;765;1073;2366
LVA;Latvia;parliament;04.10.2014;6,85;7;100;NsL;No sirds Latvijai;For Latvia from the Heart;7,4;55;831;765;1073;2365
LVA;Latvia;parliament;04.10.2014;1,58;0;100;PCTVL;Par cilvēka tiesībām vienotā Latvijā;For Human Rights in a United Latvia;1,25;55;831;765;1073;1520
LVA;Latvia;parliament;04.10.2014;1,18;0;100;ViLa;Vienoti Latvijai;United for Latvia;;55;831;765;1073;2367
MLT;Malta;parliament;03.06.2017;55,04;37;67;PL;Partit Laburista;Malta Labour Party;4,2105;72;1010;790;1046;1003
MLT;Malta;parliament;03.06.2017;43,68;30;67;PN;Partit Nazzjonalista;Nationalist Party;5,7143;72;1010;790;1046;984
MLT;Malta;parliament;03.06.2017;0,83;0;67;AD;Alternattiva Demokratika;Democratic Alternative;3,7895;72;1010;790;1046;360
NLD;Netherlands;parliament;15.03.2017;21,3;33;150;VVD;Volkspartij voor Vrijheid en Democratie;People's Party for Freedom and Democracy;7,3482;8;1012;785;1041;1409
NLD;Netherlands;parliament;15.03.2017;13,1;20;150;PVV;Partij voor de Vrijheid;Party for Freedom;8,8;8;1012;785;1041;1501
NLD;Netherlands;parliament;15.03.2017;12,4;19;150;CDA;Christen Democratisch Appèl;Christian Democratic Appeal;5,9376;8;1012;785;1041;235
NLD;Netherlands;parliament;15.03.2017;12,2;19;150;D66;Democraten 66;Democrats 66;4,5066;8;1012;785;1041;345
NLD;Netherlands;parliament;15.03.2017;9,1;14;150;GL;GroenLinks;GreenLeft;2,0454;8;1012;785;1041;756
NLD;Netherlands;parliament;15.03.2017;9,1;14;150;SP;Socialistiese Partij;Socialist Party;1,2146;8;1012;785;1041;357
NLD;Netherlands;parliament;15.03.2017;5,7;9;150;PvdA;Partij van de Arbeid;Labour Party;3,6118;8;1012;785;1041;742
NLD;Netherlands;parliament;15.03.2017;3,4;5;150;CU;ChristenUnie;ChristianUnion;6,1732;8;1012;785;1041;1206
NLD;Netherlands;parliament;15.03.2017;3,2;5;150;PvdD;Partij voor de Dieren;Party for the Animals;;8;1012;785;1041;990
NLD;Netherlands;parliament;15.03.2017;3,1;4;150;50+;50PLUS;50PLUS;6;8;1012;785;1041;2109
NLD;Netherlands;parliament;15.03.2017;2,1;3;150;SGP;Staatkundig Gereformeerde Partij;Political Reformed Party;8,7531;8;1012;785;1041;1251
NLD;Netherlands;parliament;15.03.2017;2,1;3;150;DENK;Beweging DENK;Think;6;8;1012;785;1041;2641
NLD;Netherlands;parliament;15.03.2017;1,8;2;150;FvD;Forum voor Democratie;Forum for Democracy;7,4;8;1012;785;1041;2642
NLD;Netherlands;parliament;15.03.2017;0,4;0;150;no-seat;no seat;no seat;;8;1012;785;1041;2110
POL;Poland;parliament;25.10.2015;37,58;235;460;PiS;Prawo i Sprawiedliwość;Law and Justice;7,6997;74;996;766;1146;528
POL;Poland;parliament;25.10.2015;24,09;138;460;PO;Platforma Obywatelska;Civic Platform;6,2355;74;996;766;1146;512
POL;Poland;parliament;25.10.2015;8,81;42;460;K;Kukiz'15;Kukiz'15;8,7;74;996;766;1146;2600
POL;Poland;parliament;25.10.2015;7,6;28;460;N;Nowoczesna;Modern;6;74;996;766;1146;2601
POL;Poland;parliament;25.10.2015;5,13;16;460;PSL;Polskie Stronnictwo Ludowe;Polish People's Party;4,1856;74;996;766;1146;664
POL;Poland;parliament;25.10.2015;0,18;1;460;MN;Mniejszość niemiecka w Polsce;German minority;;74;996;766;1146;900
POL;Poland;parliament;25.10.2015;7,55;0;460;SLD;Sojusz Lewicy Demokratycznej;Democratic Left Alliance;2,8299;74;996;766;1146;629
POL;Poland;parliament;25.10.2015;4,76;0;460;KORWIN;Koalicja Odnowy Rzeczypospolitej Wolność i Nadzieja KORWiN;Coalition for the Renewal of the Republic -- Liberty and Hope;7,4;74;996;766;1146;2602
POL;Poland;parliament;25.10.2015;3,62;0;460;Razem;Partia Razem;Together Party;3,3;74;996;766;1146;2625
PRT;Portugal;parliament;04.10.2015;39,84;107;230;PSD;Partido Social Democrata;Social Democratic Party;6,2949;63;993;702;917;1273
PRT;Portugal;parliament;04.10.2015;33,57;86;230;PS;Partido Socialista;Socialist Party;4,0492;63;993;702;917;725
PRT;Portugal;parliament;04.10.2015;10,58;19;230;BE;Bloco de Esquerda;Bloc of the Left;1,6425;63;993;702;917;557
PRT;Portugal;parliament;04.10.2015;8,56;17;230;CDU;Coligação Democrático Unitária;Unified Democratic Coalition;2,2233;63;993;702;917;1295
PRT;Portugal;parliament;04.10.2015;1,44;1;230;PAN;Partido pelos Animais e pela Natureza;Party for Animals and Nature;2,5;63;993;702;917;1781
PRT;Portugal;parliament;04.10.2015;1,19;0;230;PDR;Partido Democrático Republicano;Republican Democratic Party;7,4;63;993;702;917;2597
PRT;Portugal;parliament;04.10.2015;1,15;0;230;PCTP/MRPP;Comunista dos Trabalhadores Portugueses / Movimento Reorganizativo do Partido do Proletariado;Communist Party of the Portuguese Workers / Reorganizative Movement of the Party of the Proletariat;1,2;63;993;702;917;281
ROU;Romania;parliament;11.12.2016;45,48;154;329;PSD;Partidul Social Democrat;Social Democratic Party;3,2325;23;1015;787;1197;1120
ROU;Romania;parliament;11.12.2016;20,04;69;329;PNL;Partidul Naţional Liberal;National Liberal Party;6,0543;23;1015;787;1197;1015
ROU;Romania;parliament;11.12.2016;8,87;30;329;USR;Uniunea Salvați România;Save Romania Union;;23;1015;787;1197;2646
ROU;Romania;parliament;11.12.2016;6,19;21;329;UDMR;Uniunea Democrată Maghiară din România;Democratic Union of Hungarians in Romania;6,016;23;1015;787;1197;948
ROU;Romania;parliament;11.12.2016;5,62;20;329;ALDE;Alianța Liberalilor și Democraților;Alliance of Liberals and Democrats;6;23;1015;787;1197;2647
ROU;Romania;parliament;11.12.2016;5,35;18;329;PMP;Partidul Mișcarea Populară;People's Movement Party;6,2;23;1015;787;1197;2395
ROU;Romania;parliament;11.12.2016;;17;329;etnice;Partidele minorităţilor etnice din România;Romanian ethnic minorities parties;;23;1015;787;1197;425
ROU;Romania;parliament;11.12.2016;2,79;0;329;PRU;Partidul România Unită;United Romania Party;8,7;23;1015;787;1197;2648
ROU;Romania;parliament;11.12.2016;1,04;0;329;PRM;Partidul România Mare;Greater Romania Party;6,6618;23;1015;787;1197;713
SVK;Slovakia;parliament;06.03.2016;28,28;49;150;Smer;Smer – sociálna demokracia;Direction -- Social Democracy;3,3799;1;1003;781;1027;220
SVK;Slovakia;parliament;06.03.2016;12,1;21;150;SaS;Sloboda a solidarita;Freedom and Solidarity;6;1;1003;781;1027;1460
SVK;Slovakia;parliament;06.03.2016;11,03;19;150;OLaNO;Obyčajní ľudia a nezávislé osobnosti;Ordinary People and Independent;7,4;1;1003;781;1027;1759
SVK;Slovakia;parliament;06.03.2016;8,64;15;150;SNS;Slovenská národná strana;Slovak National Party;7,0198;1;1003;781;1027;1072
SVK;Slovakia;parliament;06.03.2016;8,04;14;150;LsNS;Ľudová strana Naše Slovensko;People's Party Our Slovakia;8,7;1;1003;781;1027;586
SVK;Slovakia;parliament;06.03.2016;6,63;11;150;SR;Sme Rodina – Boris Kollár;We are family -- Boris Kollar;8,7;1;1003;781;1027;2623
SVK;Slovakia;parliament;06.03.2016;6,5;11;150;MH;Most-Híd;Most-Hid;7,4;1;1003;781;1027;1620
SVK;Slovakia;parliament;06.03.2016;5,61;10;150;S;Sieť;Network;7,4;1;1003;781;1027;2624
SVK;Slovakia;parliament;06.03.2016;4,94;0;150;KDH;Kresťanskodemokratické hnutie;Christian Democratic Movement;7,1082;1;1003;781;1027;1432
SVK;Slovakia;parliament;06.03.2016;4,05;0;150;MK;Maďarskej koalície – Magyar koalíció;Hungarian Coalition;6,5005;1;1003;781;1027;559
SVN;Slovenia;parliament;13.07.2014;34,49;36;90;SMC;Stranka Mira Cerarja;Party of Miro Cerar;3,3;60;817;778;1047;2333
SVN;Slovenia;parliament;13.07.2014;20,71;21;90;SDS;Slovenska demokratska stranka;Slovenian Democratic Party;6,9996;60;817;778;1047;179
SVN;Slovenia;parliament;13.07.2014;10,18;10;90;DeSUS;Demokratična stranka upokojencev Slovenije;Democratic Party of Pensioners of Slovenia;3,2292;60;817;778;1047;1587
SVN;Slovenia;parliament;13.07.2014;5,98;6;90;ZL-SD;Združena lista – Socialni demokrati;United List -- Social Democrats;3,0637;60;817;778;1047;706
SVN;Slovenia;parliament;13.07.2014;5,97;6;90;ZdLe;Združena levica;United Left;1,2;60;817;778;1047;2334
SVN;Slovenia;parliament;13.07.2014;5,59;5;90;NSI;Nova Slovenija – Krščanska ljudska stranka;New Slovenia -- Christian People's Party;7,9345;60;817;778;1047;1047
SVN;Slovenia;parliament;13.07.2014;4,38;4;90;ZaAB;Zavezništvo Alenke Bratušek;Alliance of Alenka Bratusek;3,3;60;817;778;1047;2337
SVN;Slovenia;parliament;13.07.2014;;1;90;Ita;Italijanska narodna skupnost;Italian national community;;60;817;778;1047;199
SVN;Slovenia;parliament;13.07.2014;;1;90;Mad;Madžarska narodna skupnost;Hungarian national community;;60;817;778;1047;65
SVN;Slovenia;parliament;13.07.2014;3,95;0;90;SLS;Slovenska ljudska stranka;Slovenian People's Party;6,6953;60;817;778;1047;16
SVN;Slovenia;parliament;13.07.2014;2,97;0;90;LZJ-PS;Lista Zorana Jankovića – Pozitivna Slovenija;Zoran Jankovic's List -- Positive Slovenia;3,3;60;817;778;1047;1987
SVN;Slovenia;parliament;13.07.2014;2,2;0;90;SNS;Slovenska nacionalna stranka;Slovenian National Party;4,7941;60;817;778;1047;981
SVN;Slovenia;parliament;13.07.2014;1,34;0;90;PSS; Piratska stranka Slovenije;Slovenian Pirate Party;;60;817;778;1047;2338
SWE;Sweden;parliament;14.09.2014;31,01;113;349;SAP;Socialdemokraterna;Social Democrats;3,4447;35;828;512;854;904
SWE;Sweden;parliament;14.09.2014;23,33;84;349;M;Moderaterna;Moderate Party;7,8907;35;828;512;854;657
SWE;Sweden;parliament;14.09.2014;12,86;49;349;SD;Sverigedemokraterna;Sweden Democrats;8,7;35;828;512;854;1546
SWE;Sweden;parliament;14.09.2014;6,89;25;349;MP;Miljöpartiet de Gröna;Greens;3,3789;35;828;512;854;1154
SWE;Sweden;parliament;14.09.2014;6,11;22;349;C;Centerpartiet;Centre Party;5,8084;35;828;512;854;1461
SWE;Sweden;parliament;14.09.2014;5,72;21;349;V;Vänsterpartiet (kommunisterna);Left Party (Communists);1,5464;35;828;512;854;882
SWE;Sweden;parliament;14.09.2014;5,42;19;349;FP;Folkpartiet;People's Party;6,2906;35;828;512;854;892
SWE;Sweden;parliament;14.09.2014;4,57;16;349;KD;Kristdemokraterna;Christian Democrats;7,195;35;828;512;854;282
SWE;Sweden;parliament;14.09.2014;3,12;0;349;Fi;Feministiskt initiativ;Feminist Initiative;;35;828;512;854;1521
